L1,L2
Jagan was released on bail from the Chanchalguda jail in September 2013 after being in prison for 15 months following his arrest in May 2012 in related cases.,जगन मोहन रेड्डी को सितम्बर 2013 में चंचल गुडा जेल से रिहा किया गया था।
"The CBI has filed 11 chargesheets, besides supplementary chargesheet in the cases.",केन्द्रीय अन्वेषण ब्यूरो ने कई मामलों में 11 अभियोग पत्र दायर किये थे।
"Defence Minister Rajnath Singh has said that the Defence Expo 2020 will be held for the first time in Lucknow from February 5 to  9. He said it will be the biggest ever defence exhibition in the country in terms of participation of exhibitors, the area of the exhibition and the revenue to be earned.","उन्होंने कहा कि प्रदर्शनी में अपना सामान प्रदर्शित करने वालों की संख्या, प्रदर्शनी के क्षेत्र और इससे प्राप्त होने वाले राजस्व की दृष्टि से यह देश में अब तक आयोजित सबसे बड़ी प्रदर्शनी होगी।"
"In an effort to engage common people directly on their demands and aspirations from upcoming Union Budget, Prime Minister Narendra Modi has invited ideas and suggestions from them.",प्रधानमंत्री नरेन्द्र मोदी ने अगले वित्त वर्ष के केन्द्रीय बजट के लिये लोगों से विचार और सुझाव आमंत्रित किये हैं।
US President Donald Trump says he will sign the first phase of a trade deal with China at the White House on 15th of this month.,ट्रंप ने फ्लोरिडा में अपने घर से किए गए ट्वीट में कहा कि वे चीन के साथ व्यापक और विशाल व्यापारिक समझौते के पहले चरण के दस्तावेज पर हस्ताक्षर करेंगे।
The opening ceremony of the event will be held tomorrow evening at Sarusajai stadium in Guwahati.,ये मैच गुवाहाटी के बरसापाड़ा स्टेडियम में खेला जाएगा।
"He said that PFI was actively involved in violence, that is why police have arrested 25 of their members.",उन्होंने कहा कि पीएफआई हिंसा में सक्रिय रूप से शामिल था।
"He said that PFI was actively involved in violence, that is why police have arrested 25 of their members.",इसलिए पुलिस ने उनके 25 सदस्यों को गिरफ्तार किया।
Shimla police has issued an advisory to the public to remain cautious while driving and even moving on foot as roads might be slippery even after clearing of snow.,सड़कों पर फिसलन के कारण शिमला पुलिस ने लोगों के लिए परामर्श जारी किया है।
The Supreme Court today rejected the Centre's plea challenging Telecom Disputes Settlement and Appellate Tribunal (TDSAT) Order directing refund of around 104 crore rupees to Reliance Communication.,दूरसंचार विवाद निपटान और अपीली अधिकरण ने केंद्र को यह आदेश दिया था।
"Heavy snowfall is likely to occur at few places with height 2,500 metres and above.",मौसम विभाग का अनुमान है कि उत्तराखण्ड के ढाई हजार मीटर और उससे ऊपर के पहाड़ी इलाकों में कुछ जगहों पर भारी हिमपात हो सकता है।
The event was organized in association with the Confederation of Indian Industry (CII) in Mumbai.,इस सम्मेलन का आयोजन अखिल भारतीय व्यापारी संघ ने किया है।
"Iran launched over a dozen ballistic missiles last night targeting at least two bases where US military and coalition forces' are stationed in Iraq, the Pentagon said.",इराक स्थित अमरीका और सहयोगी देशों के दो वायु सेना ठिकानों पर आज तड़के एक दर्जन से अधिक रॉकेट गिराये गये।
Iran's Revolutionary Guard said the attack was in retaliation for the death of Soleimani on Friday.,ईरान के रिवोल्यूशनरी गार्ड ने कहा कि यह हमला जनरल सुलेमानी की मौत का बदला लेने के लिए किया गया।
The confusion came amid threats to American forces after the US killed top Iranian commander Qasem Soleimani.,ईरान के शीर्ष कमांडर क़ासिम सुलेमानी की बगदाद में अमरीकी हमले में मौत के बाद पश्चिम एशिया में तनाव बढ़ने के कारण यह परामर्श जारी किया है।
A notification in this regard has been issued by the finance ministry.,केन्द्र ने इस बारे में राजपत्र अधिसूचना जारी कर दी है।
"In an interview to DD News, Mr Prasad said, the law seeks to grant Indian citizenship to Hindu, Christian, Sikh, Buddhist, Jain and Parsi refugees from Pakistan, Afghanistan, and Bangladesh who entered India on or before 31st of December, 2014.","कानून के अनुसार पाकिस्तान, बंगलादेश और अफगानिस्तान से धार्मिक आधार पर प्रताड़ित छह अल्पसंख्यक समुदायों के सदस्यों के 31 दिसम्बर 2014 तक भारत में आने को अवैध प्रवासी नहीं माना जाएगा।"
Iran has declared that it will no longer abide by any of the restrictions imposed by the 2015 nuclear deal.,ट्रम्प का यह बयान ईरान की उस घोषणा के बाद आया है कि वह 2015 के परमाणु समझौते की शर्तों का पालन नहीं करेगा।
He was killed yesterday at the Baghdad International Airport.,अमरीका के एक हवाई हमले में बगदाद इंटरनेशनल हवाईअड्डे पर शुक्रवार को उसकी मौत हो गई थी।
"Earlier, hundreds of protesters gathered outside the Embassy shortly after funerals were held for fighters of Kataib Hezbollah militia killed in Sunday night strikes that the Pentagon launched in response on a rocket attack on a Kirkuk base.","इससे पहले, रविवार की रात हुए हमलों में मारे गए कताइब हिज्बुल्लाह मिलिशिया के मारे गए लड़ाकों के अंतिम संस्कार के ठीक बाद सैकड़ों प्रदर्शनकारी दूतावास के बाहर जमा हो गए थे।"
"The State Department denied reports that the Embassy had been breached, adding all personnel were secure.",अमरीकी विदेश मंत्रालय ने दूतावास की सुरक्षा में सेंध लगने की खबरों का खंडन करते हुए कहा कि सभी कर्मचारी सुरक्षित हैं।
"Quoting Revolutionary Guards sources, Fars news agency said that some 20 sensitive points of the military base were struck by fifteen missiles early this morning.",रिवोल्युशनरी गार्ड के सूत्रों का हवाला देते हुए एक समाचार एजेंसी ने कहा है कि आज सवेरे 15 संवेदनशील सैन्य ठिकानों को लक्ष्य बनाकर 15 मिसाइलों से हमला किया गया।
Home Ministry has also sought a report from the Delhi Police about the situation prevailing in the institution and the steps taken to restore peace.,गृहमंत्रालय ने विश्वविद्यालय की स्थिति के बारे में दिल्ली पुलिस से रिपोर्ट भी मांगी है ।
"It said that this is a desperate attempt by forces of anarchy, who are determined to use students as cannon fodder, create unrest to shore up their shrinking political footprint.",पार्टी ने कहा कि यह उन अराजक तत्वों की हताशापूर्ण कोशिश है जो अपने सिकुड़ते जनाधार से उबरने के उद्देश्य से अशांति का माहौल पैदा करने में विद्यार्थियों का इस्तेमाल कर रहे हैं।
"Meanwhile, JNU has sent detailed report of violence on campus, and sequence of events to the HRD Ministry.","इस बीच, जेएनयू प्रशासन ने कल शाम को विश्वविद्यालय परिसर में हुए हमले की विस्तृत रिपोर्ट मानव संसाधन विकास मंत्रालय को भेज दी है।"
"BJP's Ranjana Patil was elected Chairperson and Lalchand Patil as deputy chairperson of the ZP. The BJP got 35 votes, while MVA comprising Shiv Sena, NCP and Congress got 30 votes.",भाजपा को 35 सौ वोट और महाराष्ट्र विकास अगाड़ी को तीस वोट मिले।
The Kabaddi and gymnastics began today in the third Khelo India youth games in Guwahati.,असम के गुवाहाटी में 10 जनवरी से खेलो इंडिया युवा खेल शुरू हो रहे हैं।
Prime Minister Narendra Modi today had a telephonic conversation with French President Emmanuel Macron and conveyed his New Year greetings and good wishes.,कल फ्रांस के राष्ट्रपति इमैन्युल मैक्रों के साथ टेलीफोन पर बातचीत में रूहानी ने यह बात कही।
The umpires held several inspections but the damp patches on the pitch did not allow the match to start.,अम्पायरों ने कई बार पिच का निरीक्षण किया लेकिन उसमें पड़े गड्ढ़ों के कारण मैच आरंभ नहीं किया जा सका।
CEO of the games Avinash Joshi said that all preparations have been made for the games.,खेलों इंडिया के मुख्य कार्यकारी अधिकारी अविनाश जोशी ने बताया कि गुवाहाटी के साथ-साथ पूरा देश इस भव्य उद्घाटन का साक्षी बनेगा।
"Chief Minister Sarbanand Sonowal, senior party leader Ram Madhav, State Unit President Ranjit Kumar Dass are among the prominent leaders present on this occasion.","मुख्यमंत्री सर्बानन्द सोनोवाल, केन्द्रीय खेल मंत्री किरेन रिजीजू और कई जाने माने खिलाड़ी इस समारोह में उपस्थित रहेंगे।"
Mr Tirkey said three cases have been registered in the violent incident and investigation is underway.,पुलिस उपायुक्त ने कहा कि विश्वविद्यालय में हुई हिंसा के सिलसिले में तीन मामले दर्ज किए गए हैं और जांच चल रही है।
"In a tweet, Mr. Gehlot said that there has been a decrease in infant deaths in the state.",आज एक ट्वीट में श्री गहलोत ने कहा कि राज्य में बच्चों की मृत्यु में कमी आई है।
"After meeting with Mrs. Gandhi, Mr. Pandey told that Chief Minister Ashok Gehlot has sent a detailed report to the Congress President.",बाद में अविनाश पांडे ने बताया कि मुख्यमंत्री अशोक गहलोत ने कांग्रेस अध्यक्ष को इस मामले की विस्तृत रिपोर्ट भेज दी है।
"Under the MLAT, a country can request for obtaining evidence for criminal investigations and prosecutions.",परस्पर कानूनी सहायता संधि के अंतर्गत कोई देश आपराधिक जांच और मुकदमों के साक्ष्य प्राप्त करने का अनुरोध कर सकता है।
"Home Ministry said, by incorporating various legal and technological developments in recent years, it aims to make the documentation more compliant with international requirements.",गृह मंत्रालय ने बताया कि हाल के वर्षों में कानूनों और प्रौद्योगिकी में हुए विभिन्न बदलावों तथा अंतरराष्ट्रीय शर्तों के अनुपालन की आवश्यकताओं को ध्यान में रखकर ये दिशा निर्देश तैयार किेये गए हैं।
"370. They also answered questions posed by the delegates on various issues including arrests, internet ban and law and order situation.","उन्होंने गिरफ्तारी, इंटरनेट पर प्रतिबंध तथा कानून व्यवस्था की स्थिति सहित विभिन्न मुद्दों पर राजनयिकों के दल द्वारा पूछे गए प्रश्नों का जवाब दिया।"
"He said, technology is the strength of the Jal Jeevan Mission and it is the responsibility of scientists to develop cheap and effective technology for the recycling of water.",प्रधानमंत्री ने कहा कि प्रौद्योगिकी जल जीवन मिशन की ताकत है और वैज्ञानिकों का उत्तरदायित्व है कि वे पानी की रिसाइक्लिंग के लिए किफायती और प्रभावी प्रौद्योगिकी का विकास करें।
More than 25 accused have been arrested in connection with the violent incident in the city after the residents of the locality raised objections to police shooting a video outside the mosque.,हिंसक घटनाओं में शामिल 25 से अधिक आरोपियों को गिरफ्तार किया गया है।
In Jammu and Kashmir the vehicular traffic on the 300 Km long Jammu-Srinagar National Highway was restored for one way traffic this afternoon.,केंद्र शासित प्रदेश जम्मू-कश्मीर में एसएमएस सेवा कल रात से बहाल कर दी गई है।
He was addressing a BJP's booth-level workers rally in New Delhi today.,"वे आज नई दिल्ली में अखिल भारतीय कारोबार महासंघ - सी ए आई टी, के राष्ट्रीय कारोबार सम्मेलन को संबोधित कर रही थी।"
"Ms Sitharaman said, Government has brought a new scheme which assures a minimum monthly pension to shopkeepers and retail traders after attaining the age of  60. The Jammu and Kashmir administration revoked the Public Safety Act (PSA) against 26 individuals on Friday.","उन्होंने यह भी बताया कि सरकार एक नई योजना लाई है, जिसके अंतर्गत दुकानदारों और खुदरा व्यापारियों के लिए 60 साल की उम्र के बाद एक न्यूनतम मासिक पेंशन राशि सुनिश्चित की गई है।"
High temperatures and strong winds are threatening to worsen conditions across the country.,अधिक तापमान और तेज हवाओं की वजह से आग के और फैलने की आशंका है।
"Iraq's caretaker premier Adel Abdel Mahdi called on the angry crowd to leave the embassy, but most spent the night in dozens of tents set up outside the perimeter wall.",इराक के कार्यवाहक प्रधानमंत्री अदेल अब्देल महदी ने क्रोधित प्रदर्शनकारियों से दूतावास छोड़ने को कहा था लेकिन कई प्रदर्शनकारियों ने दूतावास के बाहर दर्जनों तंबुओं में रात गुजारी।
"Participating at an event organised by a private news channel, Mr Shah once again appealed to the countrymen especially minorities not to fall prey of alleged misinformation being spread by Opposition parties.",एक निजी समाचार चैनल पर आयोजित कार्यक्रम में भाग लेते हुए गृह मंत्री ने देशवासियों और विशेष रूप से अल्पसंख्यक समुदाय से एक बार फिर अपील की कि वे विपक्षी दलों द्वारा किए जा रहे कथित दुष्प्रचार के झांसे में ना आएं।
"The reservation for members of Scheduled Castes and Scheduled Tribes, given for the past 70 years in Lok Sabha and state assemblies, is due to end on January 25, 2020.",पिछले 70 वर्ष से दिये गये इस आरक्षण की अवधि 25 जनवरी 2020 को समाप्त हो रही है।
"The Constitution Amendment bill, which was passed by Parliament in December 2019, has to be ratified by at least 50 percent of the state assemblies before it is brought into force.",इस विधेयक को संसद ने पिछले महीने पारित किया था तथा इसे लागू करने से पहले कम से कम पचास प्रतिशत राज्य विधानसभाओं द्वारा इसका अनुमोदन किया जाना आवश्यक है।
"The LG sought a comprehensive report regarding the allocation of food-grains, dumping of stocks in snow bound areas, departmental and FCI godowns and their storage capacity.","उपराज्यपाल ने खाद्यान्न के आबंटन, बर्फबारी से ढके क्षेत्रों, विभागीय और भारतीय खाद्य निगम के गोदामों में खाद्यान्न के भंडारण और उनकी क्षमता के बारे में विस्तृत रिपोर्ट मांगी है।"
He was informed that  10.63 lakh families have been covered under Pradhan Mantri Ujjwala Yojana.,उपराज्यपाल को बताया गया कि प्रधानमंत्री उज्ज्वला योजना के अंतर्गत अभी तक दस लाख तिरसठ हज़ार परिवारों को लाया गया है।
The exhibition match at Melbourne's Rod Laver Arena will raise money for bushfire relief.,ऑस्ट्रेलिया में जंगल की आग से पीडि़तों को राहत के लिए धन जुटाने के उद्देश्य से मेलबर्न के रॉड लैवर अरेना में यह मैच 15 जनवरी को होगा।
"Tennis Australia announced that the match is slated for January 15, the week before the first Grand Slam of the year.",इसके अगले सप्ताह वर्ष का पहला ग्रैंड स्लैम टेनिस टूर्नामेंट ऑस्ट्रेलिया ओपन शुरू होगा।
Around 25 people have lost their lives so far.,अब तक 25 लोग मारे जा चुके हैं और एक हजार आठ सौ से अधिक घर जलकर राख हो चुके हैं।
"However, the Hill Council has tied up with the Army to carry about 40 tonnes of cargo twice a week for civilian requirements beginning next week.",अब इस समय पर्वतीय परिषद सेना के मालवाहक विमानों से सप्ताह में दो बाद 40 टन सामग्री लाने के लिए समझौता कियाहै।
"Speaking about the contribution of Science and Technology, Dr. Thomas said, they are an essential tool for the rapid development and effective means to growth and socio-economic development of the country.",विज्ञान और प्रौद्योगिकी का उल्लेख करते हुए उन्होंने कहा कि ये देश की आर्थिक और सामाजिक प्रगति तथा तेज विकास के लिए बेहद जरूरी है।
"Talking to news persons in Guwahati today ,state BJP President Ranjit Kumar Dass said that misinformation is being spread that  1.5 crore Hindu Bangladeshi would be settled in the state through Citizenship Amendment Act, CAA. He has not ruled out involvement of Jehadi elements in the violence during the CAA protest.",आज गुवाहाटी में पत्रकारों से बात करते हुए उन्होंने विश्वास दिलाया कि इस बात में कोई सच्चाई नहीं है कि नागरिकता संशोधन कानून द्वारा राज्य में ढ़ाई करोड़ या डेढ़ करोड़ या पचास लाख हिन्दू बांग्लादेशी लोग आ जाएंगे।
Mr. Sonowal said that the Assam government has given suggestions to the Centre on framing rules on CAA. He said that Clause 6 committee on the Assam Accord will submit its report and on the basis of their recommendations needful will do done to protect the rights of the indigenous people.,श्री सोनोवाल ने कहा कि असम सरकार ने नागरिकता संशोधन कानून पर नियम बनाने के संबंध में केन्द्र को सुझाव भेजे हैं।
Mr. Sonowal said that the Assam government has given suggestions to the Centre on framing rules on CAA. He said that Clause 6 committee on the Assam Accord will submit its report and on the basis of their recommendations needful will do done to protect the rights of the indigenous people.,उन्होंने कहा कि असम समझौते के छठे अनुच्छेद पर बनी समिति अपनी सिफारिशों से संबंधित रिपोर्ट सौंप देगी तथा राज्य के मूल निवासियों के अधिकारों के संरक्षण पर उचित कदम उठाए जाएंगे।
Navy ships and military aircraft were deployed alongside emergency crews today to provide humanitarian relief and assess the damage from one of the worst days yet in Australia's months-long bushfire crisis.,मानवीय सहायता उपलब्ध कराने और महीनों से लगी आग से नुकसान के आकलन के काम में आपात सेवा विमानों के साथ नौसैनिक पोत और सैन्य विमान भी लगाये गए हैं।
"The Saudi Press Agency reported that the Saudi King stressed upon the importance of staying calm and defusing the crisis in the region, in addition to taking all measures to reduce tension.",सऊदी शाह ने शांति बनाये रखने और क्षेत्र में संकट टालने के साथ-साथ तनाव कम करने के लिए सभी उपाय करने को भी कहा है।
"For his part, the Iraqi PM expressed his deep appreciation of the Crown Prince and the Kingdom for its interest in the security and stability of Iraq.",इराक के प्रधानमंत्री ने सऊदी अरब के शाह और वहां के युवराज के प्रति हार्दिक सम्मान व्यक्त करते हुए कहा कि क्षेत्र में सुरक्षा और स्थिरता में इराक का भी हित है।
A bench headed by Chief Justice SA Bobde accepted the status report of the CBI. It also allowed two officers to be relieved from the investigation team.,प्रधान न्यायाधीश न्यायमूर्ति एस.ए.बोबड़े ने सीबीआई की स्थिति रिपोर्ट स्वीकार कर ली।
"Meanwhile, in four cases the preliminary inquiry was conducted and later closed as no evidence was found.",बाकी चार की आरंभिक जांच की गई और सबूत न मिलने पर उन्हें बंद कर दिया गया।
"In a tweet, the President said, Guru Gobind Singh ji devoted his life to serving the people and upholding the values of truth, justice and compassion.","उन्होंने अपना जीवन सत्य, न्याय और करुणा जैसे मूल्यों की रक्षा के लिये समर्पित किया।"
"In a tweet, the President said, Guru Gobind Singh ji devoted his life to serving the people and upholding the values of truth, justice and compassion.",राष्ट्रपति ने कहा कि गुरु गोविन्द सिंह जी ने लोगों की सेवा में अपना जीवन समर्पित किया।
"The minimum temperatures, however, rose several notches above the normal in these states following the downpour.",कई स्थानों पर तापमान सामान्य से कई डिग्री नीचे है।
Punjab and Haryana also battled cold wave conditions with Faridkot being the coldest place in the two states at  3.6 degree Celsius.,पंजाब और हरियाणा में भी कड़ाके की ठंड पड़ रही है।
The Prime Minister also handed over Certificates to beneficiaries under PM KISAN from eight States and Union Territories.,श्री मोदी आठ राज्यों और केन्द्रशासित प्रदेशों के लाभार्थियों को प्रमाण पत्र भी देंगे।
"Apart from Iqbal, the five-time MLA from Matia Mahal, two Congress MCD councillors, Aley Mohammed Iqbal and Sultana Abadi also joined the AAP. This comes ahead of the assembly elections in Delhi slated for February  8. Former US Secretary of State Hillary Clinton has been appointed the new chancellor of Queen's University in Belfast, Ireland.",इकबाल के अलावा पांच बार मोतियामहल सीट से विधायक और दो बार पार्षद रहे आले मोहम्मद इकबाल और सुलताना आब्दी भी आम आदमी पार्टी में शामिल हो गए।
"In Iran, dozens of mourners were reportedly feared killed in a stampede at the burial procession of Commander Soleimani in his home town at Kerman yesterday.",ईरान के केरमान शहर में जनरल क़ासिम सुलेमानी के जनाजे के दौरान मची भगदड़ में आज दर्जनों लोगों के मारे जाने की खबर है।
"A day-long Special Session of the Gujarat Assembly concluded today with a passage of the motion supporting the 126th Constitution Amendment Bill for extending the tenure of ST/ST reservation for another 10 years and the one supporting the Citizenship (Amendment) Act, 2019.",मणिपुर विधानसभा ने एक दिवसीय सत्र में 126वें संविधान संशोधन विधेयक 2019 के समर्थन की पुष्टि करने के प्रस्ताव को सर्वसमति से पारित कर दिया।
Maharashtra Assembly today ratified bill extending quota for Scheduled Castes and Scheduled Tribes in Lok Sabha and State assemblies by 10 years.,इस विधेयक में संसद के दोनों सदनों ने अनुसूचित जाति और जनजातीयों को दिए गए आरक्षण की अवधि को दस वर्ष के लिए बढ़ाने पर सहमति दी थी।
The counting of votes that began yesterday morning is still continuing.,मतगणना कल शुरू हुई थी।
"He said, the government has the goal to be the first and immediate responder for people in distress.",उन्होंने कहा कि सरकार का यह लक्ष्य है कि आपदा में फंसे प्रवासी भारतीयों को सबसे पहले और तत्काल मदद पहुंचाई जायेगी।
"North Atlantic Treaty Organization Ambassadors will meet in Brussels today amid ongoing Middle East tensions, three days after the US killing of Iranian Major General Qassem Soleimani.","उत्तर अटलांटिक संधि संगठन, नाटो के राजदूत पश्चिम एशिया में ईरानी मेजर जनरल, कासिम सुलेमानी की अमरीकी ड्रोन हमले में मौत से उत्पन्न तनाव के बीच आज संगठन के मुख्यालय ब्रसेल्स में मिलेंगे।"
"A total of 24 nations, split into six groups, will be contesting in Perth, Brisbane and Sydney for over 10 days for the first time.","पहली बार यह प्रतियोगिता दस दिन तक चलेगी, जिसके मैच पर्थ, ब्रिस्बेन और सिडनी में खेले जाएंगे।"
"Prime Minister Narendra Modi will answer the questions and interact with selected students, where he will discuss how to beat exam stress.",प्रधानमंत्री नरेन्द्र मोदी 20 जनवरी को लोकप्रिय कार्यक्रम परीक्षा पे चर्चा में विद्यार्थियों से बातचीत करेंगे।
Several Union Ministers and BJP leaders including Rajnath Singh and Nitin Gadkari will also take part in this door to door campaign in different parts of the country.,कई केन्द्रीय मंत्री अैर भाजपा नेता देश के विभिन्न भागों में घर-घर जाकर इस अभियान का हिस्सा बन रहे हैं।
BJP President and Home Minister Amit Shah will address a conference of party booth workers in New Delhi today.,भाजपा अध्यक्ष और गृह मंत्री अमित शाह का दिल्ली में और पार्टी के कार्यकारी अध्यक्ष जगत प्रकाश नड्डा का गाजियाबाद में जनसम्पर्क अभियान में भाग लेने का कार्यक्रम है।
The Writers' Writer.,लेखकों के लेखक रखा गया है।
Over hundred global scientists in the field of ocean studies are converged in the National Institute of Ocean Technology (NIOT) in Chennai.,चेन्नई के राष्ट्रीय समुद्र प्रौद्योगिकी संस्थान में भारतीय समुद्र नेतृत्व पर कार्यशाला आयोजित की गयी है जिसमें देश विदेश के सौ से अधिक वैज्ञानिक भाग ले रहे हैं।
The scientists represent fifteen Indian Ocean Rim countries.,इस कार्यशाला में भाग ले रहे वैज्ञानिक हिन्द महासागर से लगे 15 देशों से हैं।
"United States is sending around 750 more troops to the Middle East immediately, with hundreds of troops deployed to Kuwait, following an attack by pro-Iranian demonstrators on the US Embassy in Baghdad, said the Pentagon yesterday.",कुवैत में सैकड़ों सैनिकों को तैनात करने के बाद अमरीका खाड़ी क्षेत्र में तत्काल 750 और सैन्य टुकडि़यां भेज रहा है।
Union Home Minister Amit Shah today dedicated the new campus of National Fire Service College (NFSC) under Ministry of Home affairs in Nagpur.,केंद्रीय गृह मंत्री अमित शाह ने कल नई दिल्ली में भारतीय साइबर अपराध समन्वय केंद्र (आई4सी) का उद्घाटन किया।
"According to Minister of State for NRG Department Pradeepsinh Jadeja, the Samiti will meet twice a year - once in Gujarat and next time in another state - to discuss with the State Government the preservation and promotion of heritage, arts and culture of Gujarat.",उन्होंने कहा कि पहली बैठक गुजरात में और दूसरी बैठक राज्य से बाहर होगी।
The Samiti will involve the participation of non-residents Gujarati’s participation in the State Government’s various programmes.,समिति राज्य सरकार के विभिन्न कार्यक्रमों में प्रवासी गुजरातियों को शामिल करेगी जिससे वे प्राकृतिक आपदा के दौरान अपने अपने राज्यों से गुजरात सरकार का सहयोग कर सकें।
"The bridge forms a crucial link in the 111-kilometre stretch between Katra and Banihal, which is part of the Udhampur-Srinagar-Baramulla Rail Link Project.",एक किलोमीटर और 315 मीटर लम्बा यह रेलवे पुल जम्मू कश्मीर में कटरा के निकट बक्कल और श्रीनगर के निकट कौरी के बीच संपर्क स्थापित करेगा।
The Authority has also capped at 160 rupees the amount consumers will have to pay monthly for all free to air channels.,प्राधिकरण ने फ्री टू एयर-यानी मुफ्त देखे जाने वाले चैनलों का शुल्क घटाकर 160 रुपए प्रति माह कर दिया है।
The guarantee will be available for RERA registered projects and a project will be considered stuck after it crosses the RERA deadline.,स्टेट बैंक की यह गारंटी योजना रियल एस्टेट नियमन कानून-रेरा के अंतर्गत पंजीकृत योजनाओं पर लागू होगी और रेरा की समयसीमा पार कर जाने वाली परियोजना को संकटग्रस्त परियोजना माना जाएगा।
The two Defence Ministers had discussions on enhancing the bilateral security cooperation under the framework of the India-Japan Special Strategic and Global Partnership.,दोनों नेताओं ने रक्षा क्षेत्र में दिवपक्षीय सहयोग बढ़ाने का संकल्प व्यक्त किया।
The DCs apprised the Divisional Commissioner about the number of vacant seats of Panches and Sarpanches in their respective districts besides availability of ballot boxes and its requirement.,बैठक में उपायुक्तों ने डिवीजनल कमीशनर को पंचों और सरपंचों के खाली पदों और बैलेट बॉक्सों की उपलब्धता तथा उनकी संख्या के बारे में जानकारी दी।
"Noting the killing of a senior Iranian leader by the US, Ministry said India has consistently advocated restraint and continues to do so.",अमरीकी हमले में ईरान के सर्वोच्च कमांडर की हत्या का जिक्र करते हुए बयान में कहा गया है कि भारत ने निरंतर संयम बरतने की तरफदारी की है और करता रहेगा।
"Mr Kumar informed that more than 3,500 students have already registered for the winter session of JNU. M. Jagadesh Kumar added that regular classes in the University will begin from Monday.",जवाहरलाल नेहरू विश्वविद्यालय-जेएनयू के कुलपति जगदेश कुमार ने कहा है कि सोमवार से विश्वविद्यालय में नियमित कक्षाएं शुरू हो जाएंगी।
The statement from the JNU Vice Chancellor also said that the University has strengthened the security in the campus.,बयान में कहा गया है कि विश्वविद्यालय परिसर में सुरक्षा व्यवस्था बढ़ा दी गई है।
"The Sri Lankan cricket team, led by veteran pacer Lasith Malinga, arrived in Guwahati for the three-match T20 series against India amid tight security.",भारत के साथ तीन ट्वेंटी-ट्वेंटी अंतर्राष्ट्रीय क्रिकेट मैचों की श्रृंखला के लिए श्रीलंका की टीम आज गुवाहाटी पहुंची।
"Inaugurating the Centenary celebrations of National College at Tiruchirappalli, in Tamil Nadu today, the Vice President has expressed disappointment over the fact that India still has 18-20% illiterate population, even after 70 years of independence.",उन्होंने इस बात को लेकर निराशा व्यक्त की कि आजादी के 70 वर्षों के बाद भी भारत की 18 से 20 प्रतिशत आबादी साक्षर नहीं हैं।
The statement comes a day after Uttar Pradesh Deputy Chief Minister Keshav Chandra Maurya said that organisations like PFI are responsible for inciting violence in the state and such organisations should be banned.,"श्री प्रसाद का यह बयान उत्तर प्रदेश के उपमुख्यमंत्री के.सी. मौर्य के बयान के बाद आया है, जिसमें उन्होंने कहा था कि पीएफआई राज्य में हिंसा भड़काने के लिए जिम्मेदार है।"
A total of twenty two tableau proposals including 16 from states and six from Central Ministries have been short-listed for participation in this year's Republic Day parade.,इस वर्ष गणतंत्र दिवस परेड के लिए कुल 22 झांकियों का चयन किया गया है जिनमें 16 राज्यों और छह केन्द्रीय मंत्रालयों से शामिल की गई हैं।
"The tableaux proposals received are evaluated in a series of meetings of the Expert Committee comprising of eminent persons in the field of art, culture, painting, sculpture, music and architecture.","इस समिति में कला, संस्कृति, चित्रकला, मूर्तिकला, संगीत और शिल्पकला के क्षेत्र में ख्याति प्राप्त व्यक्ति शामिल हैं।"
Several parts of North India are in grip of cold wave.,उत्तर प्रदेश में कड़ाके की ठंड पड़ रही है।
"In Bangladesh, a large number of expatriate Indians participated in the programme organized by High Commission of India in Dhaka.",इस कार्यक्रम में भारी संख्या में भारतीय प्रवासी शामिल हुए।
"He said that necessary instructions have been already issued to all Deputy Commissioners (DCs), SSPs and SPs to identify such elements and arrest them under relevant laws immediately.",श्री खान ने कहा कि शरारती तत्वों की पहचान और तुरंत गिरफ्तारी के लिए सभी उपायुक्तों और वरिष्ठ पुलिस अधिकारियों को निर्देश जारी किए गए हैं।
Khan appealed people not to pay attention to rumours and carry on their daily routine without fear.,उन्होंने लोगों से अफवाहों पर ध्यान न देने और अपना दैनिक कामकाज भयमुक्त होकर करने की अपील भी की।
"While enumerating the measures being done for promotion of overall tourism in the UT, the Advisor said several promotional activities and fairs have been done recently in different parts of the country for ensuring that the tourist flow to this part of country increases and this would, in turn, contribute to the economy besides generating employment opportunity to the locals and skilled youth.",प्रदेश में पर्यटन के समग्र विकास के लिए उठाये जा रहे कदमों का जिक्र करते हुए उपराज्यपाल के सलाहकार ने कहा कि हाल में प्रदेश के विभिन्न क्षेत्रों में इस तरह की गतिविधियों को बढ़ावा देने के लिए कई प्रयास किये गये हैं।
He said that special emphasis is being given in maintaining cleanliness and appealed people to extend support.,श्री पेगु ने कहा कि स्वच्छता बनाये रखने पर विशेष बल दिया जा रहा है।
He said that special emphasis is being given in maintaining cleanliness and appealed people to extend support.,उन्होंने लोगों से स्वच्छता बनाये रखने में सहयोग की अपील की है।
"Prime Minister Narendra Modi has congratulated General Bipin Rawat on taking over the charge as first Chief of Defence Staff and expressed delight on India getting its first CDS. In a series of tweets, the Prime Minister said General Rawat is an outstanding officer who has served India with great zeal and wished him best for the new responsibility.",उन्होंने नई ज़िम्मेदारी के लिए जनरल रावत को शुभकामनाएं दीं।
"In a tweet today, Mr. Modi said, Union Budget represents the aspirations of 130 crore Indians and lays out the path towards India’s development.",श्री मोदी ने कहा कि इससे 130 करोड़ लोगों की उम्मीदों और आकांक्षाओं का पता चलता है।
The announcement came as a boon especially for people who have to travel under emergency condition.,"यह घोषणा उन लोगों के लिए वरदान साबित होगी, जिन्हें आपातकालीन स्थिति में यात्रा करनी पड़ती है।"
The Consulate in Dubai receives about 850 applications for passport applications.,दुबई में वाणिज्य दूत को पासपोर्ट के लिए करीब साढ़े आठ सौ आवेदन प्राप्त होते हैं।
Five porters were working along the LoC at about 1100 hours when Pak Army initiated unprovoked mortar shelling and a shell hit them directly.,ये लोग आज दूसरे पहर करीब 1100 बजे नियंत्रण रेखा के पास काम कर रहे थे जब पाकिस्तानी सेना ने अकारण गोलाबारी शुरू कर दी।
"US officials have said that the Ukraine airliner that crashed in Iran, killing all 176 people aboard, was most likely brought down accidentally by Iranian air defence missiles.",अमरीकी अधिकारियों ने आशंका व्यक्त की है कि ईरान में दुर्घटनाग्रस्त हुए यूक्रेन के विमान को ईरानी वायु रक्षा मिसाइलों द्वारा गलती से मार गिराया गया होगा।
The Ministry had instituted the award in June last year to mark the contribution of media in spreading the message of Yoga.,यह पुरस्कार देश और विदेश में योग के प्रचार में सकारात्मक भूमिका निभाने वाले मीडिया संस्थानों के लिए पिछले वर्ष जून से शुरू किया गया था।
The last date for submission of application form for NEET (UG) 2020 has been extended till 6th of January.,राष्ट्रीय परीक्षा एजेंसी ने स्नातक चिकित्सा पाठ्यक्रमों-एमबीबीएस और डेंटल संबंधी राष्ट्रीय पात्रता और प्रवेश परीक्षा नीट-2020 के लिए आवेदन पत्र जमा करने की अंतिम तिथि 6 जनवरी तक बढ़ा दी है।
"According to the first advanced estimates of the national income released by National Statistical Office (NSO) today, the decline has been mainly on account of deceleration in manufacturing sector growth, which is expected to come down to 2 per cent in 2019-20 from  6.2 per cent in the year-ago fiscal.",राष्ट्रीय सांख्यिकी कार्यालय एनएसओ द्वारा आज जारी राष्ट्रीय आय के पहले अग्रिम अनुमानों के अनुसार यह गिरावट मुख्य रूप से विनिर्माण क्षेत्र में सुस्ती के कारण आई है।
The Indian economy is estimated to grow at 5 per cent in 2019-20 as against  6.8 per cent in the previous fiscal.,"पिछले साल विनिर्माण क्षेत्र की विकास दर छह दशमलव दो प्रतिशत रही थी, जिसके 2019-20 में घटकर 2 प्रतिशत पर आ जाने की आशंका है।"
And there was also performance by the very popular singer Shanker Mahadevan.,लोकप्रिय गायक शंकर महादेवन ने अपनी मनमोहक प्रस्तुति से सभी का मन मोह लिया।
Minister Ravi Shankar Prasad noted that the undersea cables linking Andaman and Nicobar Islands with the mainland would further strengthen the emotional bond with the islanders.,उन्होंने कहा कि इससे अंडमान-निकोबार समूह और मुख्य भूमि के लोगों के बीच भावनात्मक संबंध और मजबूत होगा।
"The Minister said, banking services will be delivered at the footsteps of the people even at far-flung areas using the vast network of Post Offices in the country combined with Information Technology.",उन्होंने कहा कि डाकघरों को सूचना प्रौद्योगिकी से जोड़कर दूर-दराज के लोगों तक बैंकिंग सुविधाएं पहुंचाई जा रही हैं।
"He said, 268 Mobile Phone Manufacturing Units are functioning in India now including Apple, providing employment to over  6.5 lakh people directly and indirectly.",श्री रविशंकर प्रसाद ने बताया है कि देश में मोबाइल फोन बनाने वाली दो सौ 68 इकाइयां है जिनमें साढ़े छह लाख लोगों को सीधे रोजगार मिला है।
"Later in the day, London Olympics bronze-medallist, Saina was outplayed by Olympic champion Spaniard Carolina Marin.",ओलिम्पिक कांस्य पदक विजेता सायना की भिडंत कोरिया की आन से यंग से होगी।
"Quoting the letter newsagency AFP reported, forces from the US-led coalition in Iraq would be repositioning in the coming days and weeks to prepare for onward movement.",समाचार एजेंसी ए एफ पी ने पत्र के हवाले से खबर दी थी कि इराक में अमरीकी नेतृत्व में गठबंधन सेना अगले कुछ दिनों में अपनी स्थिति बदल रही है और अगली कार्रवाई की तैयारी कर रही है।
"During the meeting, he sought a detailed report on proposed Townships, identified Housing Sites and proposed Satellite Township Projects under Jammu Metropolitan Region Development Authority (JMRDA) and Srinagar Metropolitan Region Development Authority (SMRDA).","इस बैठक के दौरान उन्होंने उपनगरों, भवन निर्माण स्थल की पहचान और दोनों महानगरों में प्रस्तावित सेटेलाइट टाउनशिप परियोजना के प्रस्ताव का विस्तृत ब्यौरा मांगा है।"
"He further directed them to notify the members of their governing bodies, especially the elected representatives in consonance with the 74th Constitutional Amendment.",उन्होंने 74वें संविधान संशोधन के अंतर्गत शासी निकायों के प्रतिनिधियों के नाम घोषित करने का निर्देश दिया।
"On land-use plan, Murmu directed for detailed deion of green area, Floor Area Ratio etc in the said plan.","भूमि उपयोग के बारे में मुर्मू ने प्रस्तावित योजना में हरित क्षेत्र, भूखंड क्षेत्र आदि का विस्तृत विवरण देने को कहा है।"
"During his visit to forward post in the Siachen, he underlined the importance of the armed forces in the inhospitable conditions.",सियाचिन यात्रा के दौरान उन्होंने कठिन परिस्थितियों में सैन्य बलों के महत्व पर चर्चा की।
"Keeping the affordability concerns of daily commuters, there shall be no fare hike for passengers over suburban sections and season ticket holders.",दैनिक यात्रा करने वाले मुसाफिरों को ध्यान में रखते हुए उप-नगरीय खंडों के किराये और मासिक टिकट लेने वाले यात्रियों के किराये में कोई बढ़ोतरी नहीं की गई है।
The Centre moved the Supreme Court today seeking transfer of petitions challenging the constitutional validity of the Citizenship Amendment Act (CAA) pending before different high courts to top court.,केंद्र ने उच्चतम न्यायालय से अनुरोध किया है कि नागरिकता संशोधन अधिनियम की संवैधानिक वैधता को चुनौती देने वाली विभिन्न उच्च न्यायालयों में लंबित सभी याचिकाओं को उच्चतम न्यायालय में लाने के लिए कहा जाए।
The world Braille Day is being celebrated today.,आकाशवाणी समाचार की ओर से आज विश्व ब्रेल दिवस अनोखे ढंग से मनाया गया।
This was revealed in a report of Department for Promotion of Industry and Internal Trade (DPIIT) under the Union Ministry of Commerce and Industry.,यह जानकारी केन्द्रीय वाणिज्य और उद्योग मंत्रालय द्वारा जारी एक रिपोर्ट में दी गई है।
He categorically asserted that there will be no change in CAA. He added that more than 500 Muslim persons including people from Pakistan also got citizenship after completing the proper procedure as laid down by the relevant law.,उन्होंने यह भी कहा कि पाकिस्तान के लोगों समेत पांच सौ से अधिक मुसलमानों को संबंधित कानून के अंतर्गत निर्धारित प्रक्रिया पूरी करने के बाद भारत की नागरिकता दी गई हैं।
"The Britain-based organization said, the planes struck, among other targets, weapons depots and vehicles belonging to the militias.",ब्रिटेन स्थित सीरीयन ऑब्ज़रवेटरी फॉर ह्यूमन राइट्स ने कहा है कि विमानों ने मिलिशिया के हथियार भंडारों और वाहनों को निशाना बनाया था।
The measure passed the Democratic-run chamber 224-194 but faces an uphill task in the Republican-held Senate.,"डेमोक्रेट के बहुमत वाले इस सदन ने यह प्रस्ताव एक सौ 94 के मुकाबले दो 24 मतों से पारित कर दिया, लेकिन इसका रिपब्लिकन के बहुमत वाले सीनेट में पारित हो पाना कठिन है।"
"In Assam, a Booth Sammelan of the BJP is underway in Guwahati.",असम में गुवाहाटी में भारतीय जनता पार्टी के बूथ स्तर के कार्यकर्ताओं का सम्मेलन चल रहा है।
State BJP President Mr Dass urged party workers to spread the correct information on CAA. He said that it was the commitment of the BJP to give Citizenship to religious persecuted minorities of the neighbouring countries.,भाजपा के राज्य अध्यक्ष श्री दास ने पार्टी कार्यकर्ताओं से संशोधित नागरिकता कानून के बारे में सही तथ्यों की जानकारी देने का आग्रह किया।
"The Cabinet Committee on Economic Affairs, CCEA has given in-principle approval for the sale of equity held by four Central Public Sector Enterprises and two-state PSUs in Neelachal Ispat Nigam Limited-NINL. It has approved strategic disinvestment of  49.78 per cent equity shareholding of Minerals and Metals Trading Corporation Limited and  10.10 per cent of National Mineral Development Corporation.",मंत्रिमंडल की आर्थिक मामलों की समिति-- सीसीईए ने सार्वजनिक क्षेत्र के चार केंद्रीय उपक्रमों और नीलाचल इस्पात निगम लिमिटेड के अंतर्गत राज्य के सार्वजनिक क्षेत्र की दो कंपनियों की हिस्सा पूंजी बेचने की सैद्धांतिक रूप से अनुमति दे दी है।
The CCEA gave approval for strategic disinvestment of  0.68 per cent of MECON and Bharat Heavy Electricals Limited each.,सीसीईए ने मेटलर्जिकल एण्ड इंजीनियरिंग कन्सलटेंट्स लिमिटेड--मेकॉन और भारत हैवी इलेक्ट्रिकल्स लिमिटेड--बीएचईएल में से प्रत्येक कंपनी में शून्य दशमलव छह-आठ प्रतिशत विनिवेश की अनुमति दी है।
"For India, the series will mark the return of their pace spearhead Jasprit Bumrah who has recovered from lower back surgery, while opener Shikhar Dhawan will also make a comeback.","मैच में भारत के गेंदबाज जसप्रीत बुमरा और प्रारंभिक बल्लेबाज शिखर धवन पर सबकी नजरें होंगी, क्योंकि दोनों खिलाड़ियों की चोट से उबरने के बाद वापसी हुई है।"
"The awards will be conferred on the 8th of March on the occasion of International Women’s Day. The national award is given annually to individuals, groups, institutions in recognition of their exceptional work towards the women empowerment, especially for vulnerable and marginalized women.",8 मार्च को अंतर्राष्ट्रीय महिला दिवस पर ये पुरस्कार प्रदान किए जाएंगे।
"The awards will be conferred on the 8th of March on the occasion of International Women’s Day. The national award is given annually to individuals, groups, institutions in recognition of their exceptional work towards the women empowerment, especially for vulnerable and marginalized women.","नारी शक्ति पुरस्कार व्यक्तियों, समूहों और संगठनों को महिला सशक्तिकरण, विशेषकर गरीब और कमजोर महिलाओं की मदद के लिए किए गए विशिष्ट कार्यों के सम्मानस्वरूप प्रदान किए जाते हैं।"
"In Himachal Pradesh, the mid and higher reaches and tribal regions of the state continued to reel under intense cold as the region received moderate to heavy snowfall for the third day today.","उधर, हिमाचल प्रदेश में बिचले और ऊपरी इलाकों तथा जनजातीय क्षेत्रों में शीतलहर जारी है।"
"In Himachal Pradesh, the mid and higher reaches and tribal regions of the state continued to reel under intense cold as the region received moderate to heavy snowfall for the third day today.",इन इलाकों में आज तीसरे दिन भी कहीं मध्यम और कहीं भारी बर्फ गिरी।
The minimum temperature in Dalhousie was recorded  0.1 degrees Celsius while it was  1.4 degrees Celsius in Shimla.,शिमला में न्यूतम तापमान शून्य से शून्य दशमलव एक डिग्री सेल्सियस तथा कुफरी में शून्य से चार डिग्री सेल्सियस नीचे दर्ज किया गया।
"IMD has predicted snow and rainfall in many places of middle, high hills of the state and thundershowers in the plains till the next seven days.",इस बीच मौसम विभाग का कहना है कि आज भी राज्य के ऊंचे पहाड़ी क्षेत्रों में वर्षा और बर्फ गिर सकती है जबकि मैदानी भागों में वर्षा रहेगी।
Our correspondent reports that the Scheme initially covered only small and marginal farmer families with landholding up to two hectares.,हमारे संवाददाता ने बताया कि इस योजना के अंतर्गत पहले दो हेक्टेयर भूमि वाले लघु और सीमांत किसानों को शामिल करना था।
"According to police, he was trying to create a terrorist module in the state on the ideology of ISIS. An ATS official said that he, along with five other people from Tamilnadu, was involved in crimes like murders and they were trying to spread terrorist activities in Gujarat.",एटीएस के एक अधिकारी ने बताया है कि वह तमिलनाडु के पांच और लोगों के साथ मिलकर हत्या जैसी आपराधिक गतिविधियों में शामिल था तथा गुजरात में आतंकवाद फैलाने में लगा था।
"Rain lashed Delhi and NCR this morning, bringing the mercury down and also causing traffic snarls in various parts of Delhi.",दिल्ली और राष्ट्रीय राजधानी क्षेत्र में बारिश से तापमान में गिरावट आई है।
"According to railways, twenty-one trains were running late for up to five hours due to bad weather.","रेलवे के अनुसार, उत्तरी रेलवे की 16 रेलगाड़ियां खराब मौसम के कारण देरी से चल रही हैं।"
Iran's supreme leader Ayatollah Ali Khamenei vowed severe revenge after the United States killed the commander.,ईरान के शीर्ष नेता अयातुल्ला अली खामनेई ने इस हमले का बदला लेने का संकल्प व्यक्त किया है।
"Over 2,000 students, parents and teachers will be participating from all over India in this event.",विश्वभर से आए हजारों श्रद्धालु इस आयोजन में भाग ले रहे हैं।
"Delhi's air quality at 0930 HRS was recorded at 423 in the ""severe"" category.",सुबह नौ बजे वायु गुणवत्ता सूचकांक 350 था जो खराब श्रेणी में आता है।
"Lauding the role of Prime Minister Narendra Modi, the Minister said that under his able guidance, all the obsolete laws have been scrapped which were rather useless in the current scenario and it is a pride moment for all of us that these obsolete laws have been taken away.",प्रधानमंत्री मोदी की भूमिका की सराहना करते हुए डॉ० जितेन्द्र सिंह ने कहा कि उनके सुयोग्य दिशा-निर्देशों में तमाम पुराने और अप्रचलित कायदे कानूनों को समाप्त कर दिया गया है।
The Minister further said that the Citizenship Amendment Act will be implemented in the UT also and the next move will be to deport Rohingyas from Jammu as CAA does not give any legal leverage to them.,"डॉ० सिंह ने कहा कि संशोधित नागरिकता कानून, जम्मू कश्मीर में भी लागू होगा और अगला कदम जम्मू से रोहिंजा समुदाय के लोगों को उनके देश वापस भेजने का होगा क्योंकि नागरिकता कानून रोहिंजा लोगों को कोई कानूनी महत्व नहीं देता।"
A five-year Vision Document of Department of Administrative Reforms and Public Grievances was released at this juncture besides launching a monitoring Dashboard of the Grievance Portal of Govt.,इस अवसर पर केंद्रीय प्रशासनिक सुधार और लोक शिकायत विभाग का पांच साल का विजन दस्तावेज जारी किया गया।
"of J&K. A Memorandum of Understanding was also signed between DARPG, National Centre for Good Governance and Institute of Management, Public Administration & Rural Development for the capacity building of 1,000 officials of the Government of J&K. The programme is being conducted by DARPG, in collaboration with Government of J&K, NCGG, National Institute of Financial Management and IMPARD for 385 officials of the Government of Jammu and Kashmir.","केंद्रीय प्रशासनिक सुधार और लोक शिकायत विभाग, राष्ट्रीय सुशासन केंद्र और प्रबंधन, लोक प्रशासन तथा ग्रामीण विकास संस्थान के बीच एक समझौता ज्ञापन पर दस्तखत किए गये जिसके अंतर्गत जम्मू कश्मीर सरकार के एक हजार अधिकारियों और कर्मचारियों को क्षमता विकास के लिए प्रशिक्षण दिया जाएगा।"
IGP Crime was also asked to ensure the implementation of Emergency Response Support System.,उन्होंने पुलिस महानिरीक्षक अपराध को भी आपातकालीन प्रतिक्रिया समर्थन प्रणाली-ईआरएसएस की सक्रियता सुनिश्चित कराने के निर्देश दिए।
"370. They also answered questions posed by the delegates on various issues including arrests, internet ban and law and order situation.","उन्होंने गिरफ्तारियों, इंटरनेट पर प्रतिबंध और कानून व्यवस्था समेत कई मुद्दों पर राजदूतों के प्रश्नों का उत्तर दिया और अनुच्छेद 370 हटाए जाने के बाद की अवधि में किसी के नहीं मारे जाने की भी राजदूतों को जानकारी दी।"
He said the CAA has given justice to minorities persecuted on religious grounds in Pakistan and some other countries.,श्री गोयल ने कहा कि पाकिस्तान और कुछ अन्य देशों में धार्मिक आधार पर उत्पीड़ित अल्पसंख्यकों को नागरिकता संशोधन अधिनियम से न्याय मिला है।
"Referring National Register of Citizens, he said NRC should not be linked with National Population Register and CAA. He said that NRC is not yet a law and no discussion is being held over it.",राष्ट्रीय नागरिक रजिस्टर का उल्लेख करते हुए श्री गोयल ने कहा कि इसे राष्ट्रीय जनसंख्या रजिस्टर और नागरिकता संशोधन अधिनियम के साथ नहीं जोड़ा जाना चाहिए।
"In Wrestling, two-time World Cadet champion Sonam Malik stunned Rio Olympic bronze medalist Sakshi Malik in 62kg while another promising junior Anshu Malik knocked out World Championship medalist Pooja Dhanda in 57 kg to seal their places in the Indian team for the Asian Championship in Lucknow today.",तोक्यो ओलंपिक का कोटा हासिल कर चुके पहलवान दीपक पुनिया ने 86 किलोग्राम और रवि कुमार दहिया ने 57 किलोग्राम भार वर्ग में सीनियर एशियाई कुश्ती चैंपियनशिप के लिये क्वालीफाई कर लिया है।
Nirmala Devi (50kg) and Kiran Godara (76kg) were other wrestlers to win the trials.,"इनके अलावा जितेंद्र कुमार 74 किलो भार वर्ग, सत्यव्रत कादियान 97 किलो भार वर्ग और 125 किलो भार वर्ग में सुमित मलिक ने भी क्वालीफाई कर लिया है।"
"Stressing the need for constructive and practical suggestions from different stakeholders, the vice president opined that electoral reforms should be speeded up.",इस बारे में संबंधित पक्षों से सकारात्मक और व्यवहारिक सुझाव मांगे जाने की ज़रूरत पर बल देते हुए उपराष्ट्रपति ने कहा कि चुनावी सुधार की गति को तेज़ किया जाना चाहिये।
About hundred speakers from different walks of life including Election Commission are taking part in the two day conference.,सम्मेलन में निर्वाचन आयोग सहित जीवन के विभिन्न क्षेत्रों से जुड़े लोग भाग ले रहे हैं।
"In Cricket, India secured a massive seven-wicket victory over Sri Lanka in the second T20 International match at the Holkar Stadium in Indore last night.",इंदौर में खेला गया दूसरा मैच सात विकेट से जीतकर भारत श्रृंखला में 1-0 से आगे है।
The first match was abandoned without a ball being bowled due to rain.,गुवाहाटी में पहला मैच बारिश के कारण रद्द घोषित कर दिया गया था।
Union Minister for Road Transport Nitin Gadkari and Minister of State for Home affairs Nityanand Rai were also present at this juncture.,"इस बैठक में गृह मंत्री अमित शाह, सड़क परिवहन और राजमार्ग मंत्री नितिन गडकरी, कृषि और किसान कल्याण मंत्री नरेन्द्र सिंह तोमर, वाणिज्य और उद्योग मंत्री पीयूष गोयल, नीति आयोग के उपाध्यक्ष राजीव कुमार, आयोग के मुख्य कार्यकारी अधिकारी अमिताभ कांत और अन्य वरिष्ठ अधिकारी मौजूद थे।"
The Election Commission has launched a Political Parties Registration Tracking Management System to enable applicants to track the status of the applications.,निर्वाचन आयोग ने राजनीतिक दल के पंजीकरण से संबंधित आवेदनों की स्थिति की जानकारी आसान बनाने के लिए राजनीतिक दल पंजीकरण सूचना प्रबंधन प्रणाली शुरू की है।
"Over 1000 Fast Track Special Courts will be set up across the country for speedy disposal of cases relating to rape and Protection of Children from Sexual Offences (POCSO) Act. Out of these, 389 courts have been proposed to be set up exclusively for POCSO Act related cases in districts where the pendency of such cases is more than",दुष्कर्म और यौन अपराधों से बच्चों के संरक्षण अधिनियम - पोक्सो से संबंधित मामलों के तेजी से निपटारे के लिए देशभर में एक हजार से अधिक फास्ट ट्रैक विशेष अदालतें बनाई जायेंगी।
"100. The Law Ministry has said, these courts will be set-up as a part of the National Mission for Safety of Women.",विधि मंत्रालय ने कहा है कि इन अदालतों की स्थापना राष्ट्रीय महिला सुरक्षा अभियान के हिस्से के रूप में की जायेगी।
"In Himachal Pradesh, higher reaches received fresh snowfall while several areas in the plains and low hills were lashed by rains.",मैदानी इलाकों में हल्की बारिश और पहाड़ी क्षेत्रों में बर्फबारी हो रही है।
MeT department predicts that heavy snowfall may occur in hilly areas and rains with hail is likely to occur at isolated places and in plains.,मौसम विभाग ने पहाड़ी क्षेत्रों में भारी बर्फबारी और मैदानी इलाकों के कुछ क्षेत्रों में बारिश की संभावना व्यक्त की है।
"In Bihar light rainfall has been recorded in several parts of the state including Patna, Gaya, Nawada and Rohtash districts of the state.",राज्य के कुछ मैदानी इलाकों में बारिश होने की उम्मीद है।
The weather department has forecast a partly cloudy sky with moderate fog over the next few days.,मौसम विभाग ने कुछ स्थानों पर गरज चमक के साथ बारिश की संभावना व्यक्त की है।
United States President Donald Trump has threatened severe sanctions against Iraq after its Parliament called on US troops to leave the country.,अमरीकी राष्ट्रपति डोनाल्ड ट्रम्प ने इराकी संसद द्वारा पारित प्रस्ताव के जवाब में इराक के खिलाफ कड़ा प्रतिबंध लगाने की धमकी दी है।
"Oil prices today soared more than two per cent following news that the US had killed a top Iranian General, fanning fresh fears of a conflict in the crude-rich region.",अमरीकी हमले में ईरान के शीर्ष जनरल के मारे जाने की खबरों के बाद अंतरराष्ट्रीय बाजार में तेल की कीमतों में आज दो प्रतिशत से अधिक की वृद्धि हुई है।
The Women Science Congress was inaugurated at the ongoing Indian Science Congress in Bengaluru today.,आज सुबह विज्ञान संचारक कांग्रेस की शुरूआत हुई।
Prime Minister Narendra Modi has asked the scientists to prepare a definite roadmap for the new decade to set the direction and pace of scientific research in various fields in country.,प्रधानमंत्री नरेन्द्र मोदी ने देश को तेज विकास की ओर अग्रसर करने के लिए वैज्ञानिकों से चार कदम उठाने को कहा है।
Prime Minister said we must try and change all forms of waste into wealth as soon as possible.,श्री मोदी ने कहा कि जितनी जल्दी संभव हो हर प्रकार के कचरे को संपन्नता में बदलने के प्रयास किए जाने चाहिए।
"He said, technology is the strength of the Jal Jeevan Mission and it is the responsibility of scientists to develop cheap and effective technology for the recycling of water.",प्रधानमंत्री ने कहा कि प्रौद्योगिकी जल जीवन मिशन की ताकत है और वैज्ञानिकों का उत्तरदायित्व है कि वे पानी की रिसाइक्लिंग के लिए किफायती और प्रभावी प्रौद्योगिकी का विकास करें।
He added that conferences and seminars will also be held during the event.,सम्मेलन के दौरान 28 परिचर्चा सत्र आयोजित किए जाएंगे।
"Prior to this week's deployments, Trump administration had sent 14,000 additional troops to the Mideast since May, when it first publicly claimed Iran is planning attacks on US interests.",ट्रम्प प्रशासन ने इस सप्ताह सैनिकों की तैनाती से पहले पिछले वर्ष मई के बाद पश्चिम एशिया में 14 हजार और सैनिक भेजे थे।
"The strike marked a major escalation in the conflict between Washington and Iran, as Iran vowed harsh retaliation for the killing of the senior military leader.",हमले से अमरीका और ईरान के बीच तनाव बढ़ गया है और ईरान ने अपने वरिष्ठ कमांडर की हत्या का बदला लेने की धमकी दी है।
12 per cent disinvestment in Industrial Promotion and Investment Corporation of Odisha Limited and  20.47 per cent in Odisha Mining Corporation in have also been approved.,ओडिशा माइनिंग कॉर्पोरेशन में विनिवेश की भी मंजूरी दी गई।
"On evacuating the Indian diaspora from the troubled areas, the Spokesman said, if necessary, it will be done.",संकटग्रस्त क्षेत्रों से भारतीय नागरिकों को बाहर निकालने के बारे में प्रवक्ता ने कहा कि यदि आवश्यक हुआ तो इस दिशा में कदम उठाए जायेंगे।
"On the Chabahar Project, he said, the USA has in the past shown understanding of the importance of the project.",चाबहार परियोजना के बारे में प्रवक्ता ने कहा कि अमरीका ने इसके महत्व को समझा था।
Jammu and Kashmir Administrative Council which met under the chairmanship of Lieutenant Governor G C Murmu accorded sanction to J&K Special Sugar Scheme for Antyodaya Anna Yojana (AAY) families.,जम्मू-कश्मीर के उपराज्यपाल गिरीश चन्द्र मुर्मू की अध्यक्षता में हुई जम्मू-कश्मीर प्रशासनिक परिषद की बैठक में अन्त्योदय अन्न योजना के अंतर्गत लाभार्थी परिवारों को जम्मू-कश्मीर विशेष चीनी योजना का लाभ देने का फैसला किया है।
Over  2.33 Lakh families in the Union Territory will receive benefit of the scheme.,"दो लाख 33 हजार से अधिक परिवार इस योजना के अंतर्गत लाभ प्राप्त करेंगे, जिन्हें प्वाइंट ऑफ सेल उपकरण के माध्यम से साढ़े तेरह रुपये प्रति किलोग्राम की दर से प्रतिमाह एक किलो चीनी दी जाएगी।"
Higher reaches of Lahaul Spiti and Chamba received snowfall.,लाहौल-स्पीति और चंबा में बर्फबारी हुई है।
A notification in this regard has been issued by the finance ministry.,मौसम विभाग ने येलो चेतावनी जारी की है।
Several parts of Punjab and Haryana have been lashed by rains in the past three days.,अगले तीन दिन तक कुछ पर्वतीय इलाकों में बर्फबारी और वर्षा होने की संभावना है।
"Inaugurating the games, Chief Minister Sarbanand Sonowal said that the Assam Government has taken various steps to promote sports.",मुख्यमंत्री सर्वानंद सोनोवाल ने कहा है कि राज्य खेलो इंडिया युवा खेलों के तीसरे संस्करण की मेज़बानी से बहुत खुश है।
Tens of thousands in Jakarta were still unable to return to their waterlogged homes after some of the deadliest flooding in years hit the enormous capital region.,कई वर्षों में सबसे भीषण इस बाढ़ में क्षतिग्रस्त हुए सैंकड़ों घरों से हजारों लोग राजधानी क्षेत्र के अस्थायी शरणस्थलों में आ गए।
"Reigning world champion Sindhu, who took the court first was knocked out of the Super 500 badminton tournament by top seed Tai Tzu Ying of Chinese Taipei.",मलेशिया के क्वालालम्पुर में मास्टर्स सुपर 500 बैडमिंटन टूर्नामेंट के महिला सिंगल्स क्वार्टर फाइनल मैच में विश्व चैंपियन बैडमिंटन खिलाड़ी पी वी सिंधु का मुकाबला चीन की नंबर एक खिलाड़ी ताई जू यिंग से होगा।
"In Badminton, several Indian shuttlers will open their campaign at Malaysia Masters at Kuala Lumpur today.",भारत की पी. वी. सिंधू आज क्वालालम्पुर में शुरू हो रहे मलेशिया मास्टर्स सुपर-500 बैडमिंटन टूर्नामेंट में अपना अभियान शुरू करेंगी।
"Alleging that the PFI has links with international terrorist outfit ISIS, he said, it is evident that these anti-national forces are misusing the Madrasas particularly on the Indo-Nepal border for their nefarious activities.","उन्होंने कहा कि ये राष्ट्र-विरोधी तत्व अपनी नापाक गतिविधियों के लिए मदरसों, विशेष रूप से भारत-नेपाल सीमा स्थित मदरसों का दुरूपयोग कर रहे हैं।"
Road connectivity has also been affected in hilly areas of the state.,इससे प्रभावित इलाकों में परिवहन नेटवर्क भी ठप्प पड़ गया।
"Director-General of Civil Aviation said the floods also submerged the runway at Jakarta's Halim Perdanakusumah domestic airport, prompting authorities to close it.",इंडोनेशिया के नागर विमानन महानिदेशालय ने कहा है कि जकार्ता के घरेलू हवाई अड्डे की उड़ानपट्टी भी पानी में डूब गई है जिससे हवाई अड्डे को बंद करना पड़ा है।
"He said, the injured are getting treatment at Badulla District Hospital and condition of some of them is said to be critical.",घायलों को बडूल्ला जिला अस्पताल में भर्ती करा दिया गया है।
The Boston Consulting Group Report has divided the 13 Districts in the AP State into six regions:,रिपोर्ट में आंध्र प्रदेश के 13 जिलों को छह क्षेत्रों में विभाजित किया गया है।
"Thus, the State Government has been working to implement its plan to develop three cities for capital functions.",राज्य सरकार राजधानी से संबंधित गतिविधियों के लिए तीन शहरों के विकास की योजना बना रही है।
Farmers called for Amaravathi Bandh today protesting the recent remarks of Chief Minister in the State Assembly hinting at Executive Capital of AP coming up at Visakhapatnam instead of Amaravathi.,उन्होंने राज्य विधानसभा में मुख्यमंत्री के हाल के उस बयान का विरोध किया है जिसमें आंध्र प्रदेश की कामकाजी राजधानी अमरावती की बजाय विशाखापत्तनम स्थानांतरित किये जाने का संकेत दिया था।
AIR correspondent reports that Lok Sabha Speaker Om Birla also visited the families of the victims today.,लोकसभा अध्यक्ष ओम बिरला ने भी आज पीडि़तों के परिवारों से मुलाकात की और हर संभव सहायता उपलब्ध कराने का आश्वासन दिया।
The multi-disciplinary expert team including top pediatricians is in Kota to take stock of incidences of death of children at JK Lon Hospital.,"इस बीच, कोटा में बच्चों की मौत के कारणों का जायज़ा लेने के लिए बाल रोग विशेषज्ञ सहित कई अन्य विधाओं के विशेषज्ञ जे के लोन अस्पताल पहुंच गए हैं।"
This team has been sent by the Union ministry of health and family welfare for gap analysis and to take quick measures.,केंद्रीय स्वास्थ्य और परिवार कल्याण मंत्रालय ने तुरंत कदम उठाने के लिए यह दल भेजा है।
Mr. Nadda was in Vadodara in connection with BJP’s Jan Jagaran Abhiyan to counter the misinformation being spread on CAA. He alleged that opposition Congress never condemned the violence protest by mobs on this issue.,श्री नड्डा इस अधिनियम पर हो रहे दुष्प्रचार का मुकाबला करने के भाजपा के जन जागरण अभियान के सिलसिले में वड़ोदरा में थे।
"In Uttar Pradesh, various programs under 'Ek Bharat Shreshth Bharat' have been organised.",देश की संस्कृति और समाज को जानने-समझने के लिए एक भारत-श्रेष्ठ भारत अभियान के तहत उत्तरप्रदेश में विभिन्न कार्यक्रम आयेाजित किये गये हैं।
Many schools and colleges are also organizing events to promote Ek Bharat Shreshth Bharat Campaign.,अनेक स्कूलों और कॉलेजों में इस अवसर पर विभिन्न कार्यक्रम आयोजित किये जा रहे हैं।
"Arunachal Pradesh is the partner state of Uttar Pradesh, so cultural exchanges also took place between the two states.","राज्य ने अरूणाचल प्रदेश को भागीदार राज्य बनाया है, इसलिए दोनों राज्यों के बीच सांस्कृतिक आदान-प्रदान होने की भी उम्मीद है।"
The Gaganyaan mission is targeted to be launched by 2022.,प्रधानमंत्री नरेंद्र मोदी की घोषणा के अनुरूप गगनयान 2022 में भेजने की योजना है।
"On future programmes, the ISRO Chairman said that Chandrayaan 3 mission to the moon, comprising of a lander and a rover is approved by the Government.",उन्होंने यह भी बताया कि सरकार ने चंद्रयान-3 मिशन की मंज़ूरी दे दी है।
Chandrayaan-2 mission was India's first attempt to land on lunar surface.,"इस मिशन के तहत वही प्रयोग किये जाएंगे, जिनकी चंद्रयान-2 में योजना बनाई गयी थी।"
Vice President M Venkaiah Naidu has expressed grief on the demise of T N Chaturvedi.,राष्ट्रपति रामनाथ कोविंद ने कर्नाटक के पूर्व राज्यपाल टी एन चतुर्वेदी के निधन पर शोक व्यक्त किया है।
"BJP will begin a 10-day mass contact drive from Sunday to mobilise support for the Citizenship (Amendment) Act. Briefing media at BJP headquarters in New Delhi today, party general secretary Dr Anil Jain said, BJP president and Home Minister Amit Shah will join the drive in Delhi.",आज नई दिल्ली में संवाददाताओं से बातचीत करते हुए पार्टी महासचिव डॉक्टर अनिल जैन ने कहा कि भाजपा अध्यक्ष और केन्द्रीय गृहमंत्री अमित शाह दिल्ली के अभियान में शामिल होंगे।
"Mr Jain said, people will be urged to take to social media to voice their support for the law during the campaign.",जैन ने लोगों से इस अभियान के दौरान सोशल मीडिया पर भी समर्थन देने का अनुरोध किया है।
"He said, party leaders have already been holding public meetings and press conferences over the issue as they work to counter the opposition's campaign against the amended citizenship law.",उन्होंने कहा कि पार्टी के नेता इस कानून के लिए जनसभाएं और संवाददाता सम्मेलन आयेाजित करके विपक्ष के दुष्प्रचार का जवाब देंगे।
"The Fire Department said, the building collapsed following an explosion due to a fire.","पुलिस के अनुसार, यह दुर्घटना एक निर्माणाधीन चारदीवारी के ढहने से हुई।"
It acknowledged the positive role and responsibility of the media in disseminating the outreach of Yoga in India and abroad.,ये पुरस्कार भारत और विदेश में योग के प्रचार-प्रसार में भूमिका और जिम्मेदारी के लिए मीडिया का सम्मान करने के लिए शुरू किये गये हैं।
He also lauded the role of media in creating awareness about Yoga.,श्री जावड़ेकर ने योग के बारे में जागरूकता फैलाने में मीडिया की भूमिका की सराहना की।
The counting began at 8 am at 315 counting centres across 27 districts where the polling has been held in two phases last month.,चुनाव दो चरणों में पिछले माह हुआ था और मतगणना कल शुरू हुई थी।
Others including independents have captured 444 seats.,433 जगहों पर निर्दलीयों ने विजय हासिल की।
The Petroleum Minister said there are different dimensions and ramifications of the developing situation in the Middle East.,पेट्रोलियम मंत्री ने कहा कि पश्चिम एशिया में जो स्थिति बन रही है उसके कई आयाम और परिणाम हो सकते हैं।
"In Kashmir valley, Police has arrested a terrorist belonging to Lashkar-e-Toiba Nissar Ahmed Dar. According to Police sources, Dar, a resident of Parray Mohalla Hajan in Bandipora District has been active in North Kashmir and is involved in various subversive activities.",पुलिस सूत्रों के अनुसार बांदीपोरा जिले में पर्रे मोहल्ला हाजन का निवासी डार उत्तरी कश्मीर में सक्रिय रहने के साथ ही विघटन की कई गतिविधियों में शामिल रहा है।
He hoped that the Centre must take step to ensure Assamese as the state language forever.,उन्होंने आशा व्यक्त की कि असमिया भाषा को हमेशा के लिए राज्य की भाषा बनाया जाएगा।
"In Chennai, a Special Court today dismissed a discharge petition filed by Congress Member of Parliament Karti Chidambaram and his wife Srinidhi in connection with a tax evasion case.",विधायकों और सांसदों के लिए विशेष अदालत ने अभियोजन पक्ष के प्रमाणों को उचित मानते हुए कार्ति चिदंबरम और उनकी पत्नी को आरोप मुक्त करने की याचिका खारिज कर दी।
The Judge then ordered the prosecution to go ahead with the framing of charges and sought both the accused to be present in the court on 21st of January.,न्यायमूर्ति डी लिंगेश्वरम ने आरोप तय करने की कार्यवाही आगे बढ़ाने और दोनों आरोपियों को 21 जनवरी को अदालत में हाजिर होने का आदेश दिया।
"He also said, warrants would be issued if both failed to appear during next hearing.",अगली सुनवाई पर दोनों के उपस्थित न होने पर वारंट जारी करने का भी आदेश दिया गया।
"A United Nations agency said, Krinding Camp, east of the state capital el-Geneina, was raided over Sunday and Monday following a dispute between Arab and African ethnic groups.",संयुक्त राष्ट्र की एक संस्था ने बताया कि अरब और अफ्रीकी कबीलों में हुए विवाद के बाद राजधानी अल-जेनीना के पूर्व में स्थित इस कैम्प पर रविवार और सोमवार को हमले हुए।
Media reports stated that the Arab tribesmen came to the IDP camp and started shooting and killing and burning.,मीडिया रिपोर्टों में कहा गया है कि अरब के जनजातीय लोगों ने इस कैम्प पर धावा बोला और गोलियां चलाते हुए आग लगा दी।
"After its top general, Qassem Soleimani, was killed in a US drone attack, Tehran announced it would no longer respect limits set under the deal on how many centrifuges it can use to enrich Uranium.",ईरानी जनरल कासिम सुलेमानी की अमेरिकी ड्रोन हमले में मौत के बाद ईरान ने घोषणा की थी कि वह यूरेनियम के परिस्कृत करने की सीमा को नहीं मानेगा।
The third Khelo India Youth Games has begun in Guwahati with a grand opening ceremony this evening.,असम के गुवाहाटी में आज शाम युवा खेल प्रतियोगिता खेलो इंडिया के उद्घाटन समारोह की सभी तैयारियां पूरी कर ली गई हैं।
"External Affairs Ministry said, the increase in tensions between both nations has alarmed the world and it is vital that the situation does not escalate further.",विदेश मंत्रालय के एक वक्तव्य में कहा गया है कि दोनों देशों के बीच तनाव बढ़ने से सारा विश्व चिंतित है और ऐसे में यह जरूरी हो जाता है कि इसे रोका जाए।
"External Affairs Ministry said, India has consistently advocated restraint and continues to do so.",विदेश मंत्रालय ने यह भी कहा है कि भारत ने हमेशा संयम बनाए रखने की वकालत की है और इस समय भी वह दोनों पक्षों से इसकी अपील करता है।
The confusion came amid threats to American forces after the US killed top Iranian commander Qasem Soleimani.,ईरान के शीर्ष कमांडर क़ासिम सुलेमानी की बगदाद में अमरीकी हमले में मौत के बाद पश्चिम एशिया में तनाव बढ़ने के कारण यह परामर्श जारी किया है।
"India for the first time ranks among the top ten in the Climate Change Performance Index, CCPI, which goes further to prove that all efforts and activities being currently undertaken by the government are setting a tone of vast improvements.",जलवायु परिवर्तन निष्पादन सूचकांक के मामले में पहली बार भारत 10 शीर्ष देशों में शामिल हो गया है।
India is making progress towards its target of 175 GW of renewables by 2022.,भारत वर्ष 2022 तक बिजली उत्पादन में गैर-जीवाश्म र्इंधन से उत्पन्न बिजली का हिस्सा बढ़ाकर 175 गीगावाट करेगा और इसे 450 गीगावाट तक ले जाएगा।
"For the 515 Zilla Parishad Member positions, the DMK-alliance has won 270 seats while AIADMK-led front has grabbed 242 seats.",प्राप्त समाचार के अनुसार ऑल इंडिया अन्ना डीएमके गठबंधन 246 स्थानों पर आगे है जबकि डीएमके पार्टी 270 स्थानों पर बढ़त बनाए हुए है।
"Of the nearly 92,000 posts for which elections were announced, 73,405 posts were contested and others were elected unopposed.",73 हजार चार सौ पांच सीटों पर मतदान हुए और अन्य सीटों पर प्रत्याशी निर्विरोध चुन लिए गए।
AIR correspondent reports that this is the first visit of Dinesh Gunawardena to India since he took over the charge of Foreign Minister after formation of new government in Sri Lanka.,नवम्बर में श्रीलंका में नई सरकार बनने के बाद वहां के विदेशमंत्री की यह पहली भारत यात्रा है।
He held bilateral talks with PM Modi and his Indian counterpart President Ram Nath Kovind.,श्रीलंका के राष्ट्रपति गोताबय राजपक्षे ने नवम्बर में पदभार ग्रहण करने के बाद भारत यात्रा की थी और प्रधानमंत्री नरेन्द्र मोदी तथा राष्ट्रपति रामनाथ कोविंद से द्विपक्षीय वार्ता की थी।
"A call can be made on this number from any mobile phone and not just smart phones, thus, providing easy access to all mobile users.",इस नम्बर पर केवल स्मार्ट फोन से ही नहीं बल्कि किसी भी मोबाइल फोन से कॉल किया जा सकता है।
The four-day Assembly session which started yesterday is using eco-friendly items like Thermos flask for serving water to the members and bio-degradable plates for snacks and tea in the Secretariat premises.,"कल चार दिनों के सत्र का शुभारंभ करते हुए उन्होंने कहा कि सचिवालय परिसर में सदस्यों से पानी, स्नेक्स और चाय के लिए सदस्यों से पर्यावरण के अनुकूल स्वभाविक तौर से नष्ट होने वाले थर्मो फ्लास्क और प्लेटों के इस्तेमाल करने का अनुरोध किया।"
The Iranian parliament today approved a triple-urgency bill which designates the US army and the Pentagon as a terrorist entity.,ये नम्बर है - 8 8 6 6 2 8 8 6 6 2 ईरान की संसद--मजलिस ने आज एक अत्यंत महत्वपूर्ण विधेयक को मंजूरी दी जिसमें अमरीकी सेना और उनके रक्षा मंत्रालय को आतंकवादी संस्थाएं घोषित किया गया है।
About fifteen thousand police were deployed at key places in the city to ensure an incident-free New Year celebrations.,नववर्ष पर शांति व्यवस्था बनाये रखने के लिए लगभग चालीस हजार पुलिस के जवान तैनात किये गये थे।
The festivities concluded by 1 a.m. today as instructed by the police.,पुलिस के निर्देश के तहत नए साल के कार्यक्रम रात एक बजे संपन्न हो गए।
Nagaland along with the rest of the world welcomed the New Year 2020 with prayers and thanksgiving.,दुनियाभर की तरह नगालैंड में भी नववर्ष का स्वागत किया गया।
"The five-day long festival was inaugurated by Speaker of state legislative Assembly, Rebati Mohan Das. The festival aims to uphold tradition and cultural values of Meitei community.",पर्व का उद्घाटन विधानसभा अध्यक्ष रेबती मोहन दास ने किया।
"Lai Haraoba is celebrated through oral literature, music, dance and rituals.","लाइ हराओबा पर्व श्रुति साहित्य, संगीत, नृत्य और परंपरिक अनुष्ठानों का अद्भुत संगम है।"
US President Donald Trump today warned Iran that the US will hit the Islamic Republic harder than ever before if Tehran retaliates to the killing of top military Commander Qasem Soleimani in an American air strike in Baghdad.,अमरीकी राष्ट्रपति डॉनल्ड ट्रम्प ने चेतावनी दी है कि अगर ईरान अपने शीर्ष कमांडर कासिम सुलेमानी की मौत का बदला लेने की कोशिश करता है तो अमरीका ईरान के खिलाफ और अधिक कठोर कार्रवाई करेगा।
A US drone strike killed Soleimani in Baghdad yesterday.,इराक की राजधानी बगदाद में अमरीकी हवाई हमले में सुलेमानी की मौत हो गयी थी।
"Earlier, he had warned yesterday that the US will target 52 sites in Iran some of which are at a very high level and important to Iran if the Islamic republic attacks American personnel or assets.",इससे पहले ट्रम्प ने कल भी कहा था कि अगर ईरान अमरीकी लोगों या परिसंपत्तियों पर हमले करता है तो अमरीका ईरान के 52 ठिकानों को निशाना बनाएगा।
The state will experience mostly dry weather during the next two days.,अगले दो दिनों में मौसम के खराब होने की आशंका जताई गई है।
"In Himachal Pradesh, severe cold tightened its grip across the state as middle and high hills received snowfall with scattered showers in plains.",समूचे हिमाचल प्रदेश में जबर्दस्त ठंड पड़ रही है।
"In Himachal Pradesh, most of the high and mid-hills received heavy snowfall today.",कल राज्य के मैदानी क्षेत्रों में छिटपुट वर्षा हुई और मध्य तथा पहाड़ी क्षेत्रों में हिमपात हुआ।
"Heavy snowfall is likely to occur at few places with height 2,500 metres and above.",मौसम विभाग का अनुमान है कि उत्तराखण्ड के ढाई हजार मीटर और उससे ऊपर के पहाड़ी इलाकों में कुछ जगहों पर भारी हिमपात हो सकता है।
State-run IRNA news agency said the crash killed all on board.,ईरान की सरकारी समाचार एजेंसी इरना ने बताया है कि विमान में सवार सभी यात्रियों और चालक दल के सदस्यों की मौत हो गई है।
It is unclear if there were any casualties.,अभी यह स्पष्ट नहीं है कि हमले में कोई हताहत हुआ है या नहीं।
Border Roads Organization (BRO) has inducted hi-tech snow clearance and cutting machines in Jammu and Kashmir which are state of the art snow clearance equipment that clear one kilometre of snow in just three hours.,सीमा सड़क संगठन-बीआरओ ने जम्मू-कश्मीर में बर्फ हटाने की अत्याधुनिक मशीनों का इस्तेमाल शुरू किया है।
Three-time Chief Minister Farooq Abdullah was also slapped with the PSA in September.,राज्य में तीन बार मुख्यमंत्री रह चुके फारूक अब्दुल्ला पर भी पिछले वर्ष सितंबर में नागरिक सुरक्षा कानून लगाया गया था।
The Supreme Court has said that access to Internet is a fundamental right under Article 19 of the Constitution subject to some restrictions.,उच्चतम न्यायालय ने कल कहा था कि कुछ वाजिब प्रतिबंधों के साथ इंटरनेट की उपलब्धता लोगों का मौलिक अधिकार है।
Congress Lok Sabha MP Karti Chidambaram and his wife Srinidhi will move the Madras High Court in a tax evasion case.,मद्रास उच्च न्यायालय ने वरिष्ठ कांग्रेस नेता पी चिदम्बरम के पुत्र कार्ति चिदम्बरम और उनकी पत्नी के खिलाफ आयकर मामलों को हटाने की याचिका को खारिज कर दी है।
"Esper's comments came after Iran fired a volley of ballistic missiles yesterday into two bases in Iraq that house US troops, in response to Soleimani's killing.",जनरल सुलेमानी के मारे जाने के बाद इराक में अमरीकी सैन्य अड्डों पर ईरान की ओर से बैलिस्टिक मिसाइलों के हमले के बाद एस्पर की यह टिप्पणी आई है।
"No US or Iraqi personnel were killed in those strikes, and reports said the US knew that an attack was coming.",हालांकि इन हमलों में अमरीकी या कोई इराकी सैनिक नहीं मारा गया।
Olympic medal-winning Indian shuttlers P V Sindhu and Saina Nehwal crashed out of the Malaysia Masters after being outplayed by familiar foes in the quarterfinals ending the country's campaign at Kuala Lumpur today.,"कुआलालम्पुर में मलेशिया मास्टर्स बैडमिंटन टूर्नामेंट में भारत की पी वी सिंधू और साइना नेहवाल ने महिला सिंगल्स के दूसरे दौर में जगह बना ली है, वहीं पुरुष सिंगल्स में समीर वर्मा और एच एस प्रणय भी दूसरे दौर में पहुंच गए हैं जबकि किदाम्बी श्रीकांत, परूपल्ली कश्यप और बी साई प्रणीत को पहले दौर में हार का सामना करना पड़ा है।"
"Mr Modi shall dedicate to the Nation Four Refurbished Heritage Buildings in the city including old Currency Building, the Belvedere House, the Metcalfe House and the Victoria Memorial Hall.","वहां वे करंसी बिल्डिंग, बिल्वेडियर हाउस, मैटकॉफ हाउस और विक्टोरिया मेमोरियल हॉल सहित अनेक नवीकृत धरोहर राष्ट्र को समर्पित करेंगे।"
"He said, the Missions were asked to share that this is an internal matter of India and the Act just provides expedited consideration for Indian citizenship to persecuted minorities.",उन्होंने कहा कि इन मिशनों से कहा गया है कि वे यह बताएं कि यह भारत का आंतरिक मामला है तथा नागरिकता संशोधन कानून तीन देशों में प्रताडि़त किए गए अल्पसंख्यकों को भारत की नागरिकता देने में तेजी लाने के लिए लाया गया है।
It was also conveyed that CAA does not in any way alter the basic structure of the Indian Constitution.,यह भी कहा जाए कि इससे भारतीय संविधान की मूल भावना के साथ कोई छेड़छाड़ नहीं की गई है।
"He said, it has been conveyed that it is an internal matter of India.",भारत ने बांग्लादेश को बता दिया है यह उसका आंतरिक मामला है।
He summarized that India is committed and is putting all resources on the ground to ensure early extradition of Nirav Modi to India.,उन्होंने कहा कि नीरव मोदी को भारत लाने के लिए हरसंभव प्रयास किए जा रहे हैं।
"He said the military defeat of the LTTE was possible as a result of the assistance provided by India and the international community as both India and Sri Lanka saw the LTTE as an impediment to reaching a negotiated, reasonable political solution in Sri Lanka.",उन्होंने कहा कि एल टी टी ई की सैन्य पराजय भारत और अंतर्राष्ट्रीय समुदाय द्वारा उपलब्ध कराई गई सहायता के कारण ही संभव हो पाई थी।
He said a security operation is ongoing.,रक्षा प्रवक्ता ने आकाशवाणी को बताया कि कार्रवाई जारी है।
"Yesterday, Prime minister interacted with top business tycoons to discuss issues facing the economy and measures needed to boost growth and create jobs.",इससे पहले सोमवार को प्रधानमंत्री ने उद्योगपतियों के साथ अर्थव्यवस्था को प्रभावित करने वाले विभिन्न मुद्दों और इसके विकास तथा रोज़गार सृजन के मुद्दों पर विचार-विमर्श किया था।
"The Vice Chancellor of the Tamil Nadu Open University Dr Parthasarathi, who presented a concept paper at the seminar, said more efforts should be made to create awareness about cutting edge research activities being conducted at university level among college lecturers and students.",तमिलनाडु ओपन यूनिवर्सिटी के कुलपति डॉ0 पार्थसारथी ने सम्मेलन में आधुनिक शिक्षा के बारे में जागरूकता पैदा करने की जरूरत पर बल दिया।
"Mr Munda said that NRC is a good step taken by the Union Government and various political parties have come in support and favour of NRC. Mr Munda was interacting with media in Ranchi on the eve of Jaypal Singh Munda’s birth anniversary to be celebrated on January 3, at his native village Khunti.",श्री मुंडा ने कहा कि राष्ट्रीय नागरिक रजिस्टर केंद्र सरकार द्वारा उठाया गया एक अच्छा कदम है और बहुत से राजनीतिक दल इसके समर्थन में आगे आए हैं।
Iran said it acted in retaliation after the assassination of top Iranian General Qasem Soleimani last week.,ईरान यह कार्रवाई अपने शीर्ष फौजी कमांडर जनरल कासिम सुलेमानी की हत्या का बदला लेने की कार्रवाई के रूप में की थी।
It also affirmed the position of the Kingdom of Bahrain that supports the efforts of the Iraqi government to establish security and stability and strengthen the rule of law in the country.,बयान में बहरीन के रुख की दुबारा पुष्टि करते हुए कहा गया है कि वह इराक में सुरक्षा और स्थिरता कायम करने तथा कानून के शासन को मजबूत बनाने के प्रयासों में इराक सरकार को समर्थन देता है।
"Ministry of Environment, Forest and Climate Change has notified the new Wetland Conservation Rules which prohibit setting up or expansion of industries and disposal of construction and demolition waste within the wetlands.",पर्यावरण वन और जलवायु परिवर्तन मंत्रालय ने नए आर्द्र भूमि संरक्षण नियम अधिसूचित किए हैं।
It will also recommend mechanisms for maintenance of ecological character through promotional activities for land within the boundary of notified wetlands.,यह प्राधिकरण अधिसूचित आर्द्र भूमि की सीमा के भीतर संवर्धन गतिविधियों के माध्यम से पारिस्थितिकी की विशेषता बनाए रखने की प्रणाली की सिफारिश भी करेगा।
Ada Yonath and Bharat Ratna awardee Prof C.N.R. Rao today.,राष्ट्रीय अनुसंधान प्रोफेसर सी एन आर राव और नोबल पुरस्कार विजेता इज़राइल के अडा योनथ इसका उद्घाटन करेंगे।
"Oil prices rose sharply, with United States crude rising nearly three dollars, today after the U.S. said its forces in Iraq were attacked by Iranian ballistic missiles, raising the prospect of a regional conflagration that could cut oil supplies.",इराक में अमरीकी बलों पर ईरानी मिसाइल हमले के बाद तेल की कीमतों में उछाल आया है और कच्चे तेल के दाम लगभग तीन डॉलर बढ़ गये हैं।
"Among other Indians, G. Sathiyan has managed to retain his 30th spot in the senior category.",अन्य भारतीयों में साथियान ने सीनियर वर्ग में अपना 30वां स्थान कायम रखा जबकि अचंत शरत कमल गुरूवार को जारी विश्व टेबल टेनिस रैंकिंग में 33वें स्थान पर पहुंच गये।
The US now fears a backlash against its mission and bases where its troops are deployed across Iraq.,अमेरिका को अब आशंका है कि इराक में उसके दूतावास और अमरीकी सुरक्षा बलों पर बदले की कार्रवाई के तौर पर और भी हमले हो सकते हैं।
The apex court was hearing an appeal filed by one W Edwin Wilson against the National Green Tribunal's (NGT) order asking the Election Commission and the Chief Electoral Officers of all states and Union Territories to monitor the compliance of advisories against the use of plastic.,"शीर्ष न्यायालय, राष्ट्रीय हरित अधिकरण - एनजीटी के खिलाफ डब्ल्यू एडविन विल्सन की याचिका पर सुनवाई करते हुए यह आदेश दिया है।"
"Photo Division under the Ministry of Information and Broadcasting, has invited entries for the 8th National Photography Awards and applicants can submit their entries by 15th of this month.",सूचना और प्रसारण मंत्रालय के तहत फोटो प्रभाग ने 8वें राष्ट्रीय फोटोग्राफी पुरस्कारों के लिए प्रविष्टियां आमंत्रित की हैं।
BJP President and Home Minister Amit Shah will address a conference of party booth workers in New Delhi today.,भाजपा अध्यक्ष और गृह मंत्री अमित शाह दिल्ली में जबकि पार्टी के कार्यकारी अध्यक्ष जगत प्रकाश नड्डा गाजियाबाद में जनसम्पर्क अभियान में भाग लेंगे।
"During the ten-day campaign, party leaders and workers will contact three crore families to rally support for the CAA. Five committees have also been formed to provide impetus to the campaign, so that contact with different sections and community can be well established.",अभियान के दौरान पार्टी नेता और कार्यकर्ता नागरिकता संशोधन कानून सीएए के समर्थन में तीन करोड़ परिवारों से सम्पर्क करेंगे।
Prime Minister also congratulated scientists for helping improve India’s ranking in the Innovation Index.,प्रधानमंत्री ने यह भी कहा कि नवाचार सूचकांक में भारत की रैंकिंग 52 हो गई है।
It has challenged the top court's verdict upholding a law on appointment of teachers by a commission for minority institutions.,इस याचिका में अल्पसंख्यक संस्थानों के आयोग द्वारा शिक्षकों की नियुक्ति संबंधी कानून को वैध ठहराने के उच्चतम न्यायालय के आदेश को चुनौती दी गई है।
"For the 515 Zilla Parishad Member positions, the DMK-alliance has won 270 seats while AIADMK-led front has grabbed 242 seats.",पांच सौ 15 जिला परिषद के सदस्यों के चुनाव में से ऑल इंडिया डीएमके गठबंधन एक सौ 54 और डीएमके गठबंधन एक सौ 42 सीटों पर आगे था।
He passed these directions while chairing a meeting with Deputy Commissioners to take stock of snow clearance machinery requirements in the Districts.,मंडलायुक्त ने यह निर्देश प्रभावित जिलों में बर्फ हटाने की मशीनों की आवश्यकता का जायजा लेने के लिए उपायुक्तों की बैठक में दिया।
"In Australia, the Navy has evacuated around 1,000 tourists and residents who were trapped in the fire-ravaged town of Mallacoota on the Victoria coast.",ऑस्ट्रेलिया की नौसेना ने विक्टोरिया तट पर आग से घिरे मल्लाकूटा शहर में फंसे सैंकड़ों लोगों को बाहर निकालने का काम शुरु कर दिया है।
Since September fires have killed at least 20 people in the two states and dozens remain missing.,आग लगने की घटना में सितम्बर से दोनों राज्यों में उन्नीस लोगों की मौत हुई हैं।
The day is celebrated every year to mark the contribution of overseas Indian community in the development of India.,विदेशों में हिंदी भाषा को प्रोत्साहन देने के उद्देश्य से हर वर्ष यह दिवस मनाया जाता है।
Special functions are being organized to mark the occasion.,इस अवसर पर आज कई कार्यक्रम आयोजित किए जा रहे हैं।
"He also said that, the fact that America has the great military and equipment does not mean it has to use it.","उन्होंने यह भी कहा कि हालांकि अमरीका के पास शक्तिशाली सेना और आधुनिक उपकरण हैं, पर इसका मतलब यह नहीं है कि हम इसका इस्तेमाल करेंगे ही।"
Several Union Ministers and BJP leaders including Rajnath Singh and Nitin Gadkari will also take part in this door to door campaign in different parts of the country.,घर-घर जाकर देशभर में चलाए जा रहे इस जनसंपर्क अभियान में कई केंद्रीय मंत्री और भाजपा के नेता हिस्सा ले रहे हैं।
"During the ten-day campaign, party leaders and workers will contact three crore families to rally support for the CAA. Five committees have also been formed to provide impetus to the campaign, so that contact with different sections and community can be well established.",अभियान के दौरान पार्टी के नेता और कार्यकर्ता तीन करोड़ परिवारों से संपर्क करेंगे।
"Mr Sharma said, separate power Corporations have been created for Jammu and Kashmir Divisions, headed by Managing Directors to bring efficiency to its functioning and make it a viable corporation.",श्री शर्मा ने बताया कि प्रदेश में बिजली की उपलब्धता में सुधार के लिए जम्मू और कश्मीर डिविजनों के लिए अलग निगम बनाये गये हैं।
"He said, some people are deliberately creating misconception and spreading rumours in the society regarding CAA. Mr Javadekar said, 130 crore people of the country are welcoming the law because it does not affect any citizen born in India.",उन्होंने कहा कि कुछ लोग नागरिकता संशोधन कानून के बारे में जानबूझ कर समाज में भ्रम और अफवाहें फैला रहे हैं।
"He said, some people are deliberately creating misconception and spreading rumours in the society regarding CAA. Mr Javadekar said, 130 crore people of the country are welcoming the law because it does not affect any citizen born in India.",श्री जावडेकर ने कहा कि देश के एक सौ तीस करोड़ लोग इस कानून का स्वागत कर रहे हैं क्योंकि भारत में जन्मे किसी नागरिक पर इसका कोई प्रभाव नही होगा।
The Prime Minister highlighted some of the key reforms like the Insolvency and Bankruptcy Code which has given a dignified exit route for failed business ventures.,प्रधानमंत्री ने व्यापार को सुगम बनाने की दिशा में किये गये सुधारों की चर्चा की जिनमें दिवाला और दिवालियां संहिता जैसे उपाय शामिल हैं जिनसें असफल व्यापारिक उपक्रमों को बंद करने का सम्मानित विकल्प उपलब्ध कराया गया।
Mr Modi spoke highly of Kirloskar's contribution to Indian Industry and released a Stamp to mark the milestone.,प्रधानमंत्री ने भारतीय अर्थव्यवस्था में किर्लोसकर के योगदान की सहराना की और इस सिलसिले में एक टिकट जारी किया।
Congress failed to win a single seat with just  9.65 per cent of votes in its favour.,इस चुनाव में कांग्रेस पार्टी को एक भी सीट नहीं मिली जबकि उसका मत प्रतिशत नौ दशमलव छह पांच था।
Sri Lankan Foreign Minister Dinesh Gunawardena today met External Affairs Minister S Jaishankar in New Delhi.,उन्होंने विदेश मंत्री एस0 जयशंकर से मुलाकात की।
Vice President M Venkaiah Naidu is arriving on a two-day visit to Trichy and Thanjavoor in Tamil Nadu tomorrow.,उनका कल गया में महाबोद्धी मंदिर जाने का भी कार्यक्रम है उपराष्ट्रपति एम. वेंकैया नायडू कल दो दिन के दौरे पर तमिलनाडु जाएंगे।
"In the afternoon, the Vice President will formally inaugurate the 173rd edition of five-day Thyagaraja Aradhana Music Festival on the banks of the Kaveri in Thiruvaiyaru, another confluence of five rivers, in the Thanjavoor district.",उपराष्ट्रपति शनिवार को थिरूवैयारू में संत त्यागराज अराधना संगीत समारोह का उद्घाटन करेंगे।
"The Sri Lankan cricket team, led by veteran pacer Lasith Malinga, arrived in Guwahati for the three-match T20 series against India amid tight security.",लसिथ मलिंगा के नेतृत्व में 16 सदस्यीय श्रीलंकाई टीम आज भारत पहुंच रही है।
President Ram Nath Kovind left from Kochi this morning for his day-long Lakshadweep visit.,राष्ट्रपति आज कोच्चि में ठहरेंगे और कल सुबह लक्षद्वीप के अगाती के लिए रवाना होंगे।
"BJP has accused Congress of doing politics of duplicity over the Citizenship Amendment Act. Talking to reporters in New Delhi today, Spokesman G V L Narasimha Rao cited Congress' 2018 Rajasthan Assembly Election Manifesto that promised all-round development to refugees from Pakistan, including those linked to their citizenship and rehabilitation.",पत्रकारों से बातचीत में प्रवक्ता जी वी एल नरसिम्हा राव ने पार्टी द्वारा राजस्थान विधानसभा चुनाव के घोषणा-पत्र में पाकिस्तान से आए शरणार्थियों की नागरिकता सहित सर्वांगीण विकास की बात कही थी।
Wanindu Hasaranga took 2 wickets for the visitors.,श्रीलंका की ओर से वानिन्दु हसारंगा ने 2 विकेट लिए।
The focal theme of the Science conference in this edition is Science and Technology:,"इस साल की कांग्रेस का विषय, ग्रामीण विकास में विज्ञान और प्रोद्योगिकी है।"
The medical fraternity has welcomed the decision.,चिकित्सा जगत में इस फैसले का स्वागत हुआ।
"The environment education, awareness and Training scheme of Ministry of Environment, Forest and Climate Change, Govt.","इससे जम्मू कश्मीर में दशकों से बंद पड़े पर्यावरण मंत्रालय द्वारा संचालित पर्यावरण शिक्षा, जागरूकता और प्रशिक्षण कार्यक्रम, वन और जलवायु परिवर्तन, भारत सरकार का राष्ट्रीय हरित कोर पुनर्जीवित हो जाएगा।"
"Party MLAs, Ministers, MPs are visiting localities across the state to make people aware about the CAA which invited massive protests in northeast India and many other parts of the country.","पार्टी के विधायक, मंत्री और सांसद राज्यभर में लोगों से संपर्क कर रहे हैं और उन्हें सी. ए. ए. की जानकारी दे रहे हैं।"
He also awarded the Krishi Karman Award to the progressive farmers from 21 states.,इस अवसर पर 21 राज्यों को कृषि कर्मण अवार्ड दिया जाएगा।
The focal theme of the Science conference in this edition is Science and Technology:,इस बार विज्ञान सम्मेलन का विषय है - विज्ञान और प्रौद्योगिकी - ग्रामीण विकास।
"It accused Sudan's paramilitary Rapid Support Forces, RSF, of intervening in the fighting on the side of the Arab forces.","इस घटना में सूडान के अर्धसैनिक बल, रैपिड सपोर्ट फोर्सेस-आरएसएफ पर अरब सुरक्षा बलों की ओर से झड़पों में दखल देने का आरोप है।"
"In Uttarakhand, cold wave conditions intensified following the fresh spell of snowfall in hilly areas and rain in plains of the state.",उत्तराखंड के पर्वतीय क्षेत्रों में आज फिर बर्फबारी हुई।
"The hilly regions of Uttarakhand today received fresh spell of snowfall whereas the lower regions including capital Dehradun, received rainfall.",राजधानी देहरादून सहित राज्य के निचले इलाकों में बारिश भी हुई है।
"The Minister was briefed that there has been a steep reduction in the pendency of vigilance cases from an average of three thousand in the last three preceding years to 876 in 2019, of which 683 pertain to December 2019.","पिछले 3 बरसों में ऐसे मामलों की संख्या औसतन 3 हज़ार थी, जो 2019 में घटकर 876 रह गई।"
Several parts of North India are in grip of cold wave.,देश के अधिकतर उत्तरी भागों में शीत लहर जारी है।
The weather department also predicted a thunderstorm accompanied by hail for low hills and plains over the next two days.,हिमाचल प्रदेश के लिए मौसम विभाग ने अगले दो दिनों में भारी वर्षा और बर्फबारी की औरेंज और येलो चेतावनी जारी की है।
"However, most of the middle and high hills of the state including Shimla, Kufri, Manali, Dalhousie and Kalpa shivered at below freezing point.","शिमला, मनाली, कुफरी, डलहॉजी, केलांग और कल्पा में तापमान शून्य से नीचे रहा।"
"Strongly condemning the mob attack on the historic Sikh shrine, SGPC chief appealed to the Pakistan government to take stern action against culprits.",ऐतिहासिक गुरुद्वारे पर भीड़ के हमले की कड़ी निंदा करते हुए लोंगोवाल ने पाकिस्तान सरकार से दोषियों के खिलाफ कड़ी कार्रवाई करने की अपील की।
"Defence Spokesman told AIR News, Jammu that at about 1215 hrs Pakistani troops started firing with small arms and then shelling with mortars along Line of Control in Krishna Ghati sector of Poonch district.",रक्षा प्रवक्ता ने आकाशवाणी को बताया कि पाकिस्तानी सेना ने दोपहर में जिले के कृष्णा घाटी सेक्टर में नियंत्रण रेखा के निकट छोटे हथियारों से गोलीबारी की और बाद में मोर्टार से गोले दागे।
"In a travel advisory issued as a security on Friday, the United States Embassy in Baghdad has asked all American citizens to leave Iraq immediately, due to heightened tensions in Iraq and the region.",बगदाद में अमरीकी दूतावास ने आज यात्रा संबंधी एक परामर्श जारी करके इराक में रह रहे सभी अमरीकी नागरिकों से तुरंत देश छोड़ने को कहा है।
The attack came after the US killing of top Iranian general Qasem Soleimani in Iraq last week.,यह हमला ईरान की कुद्स सेना के कमांडर लेफ्टिनेंट जनरल क़ासिम सुलेमानी की शहादत का बदला लेने के लिये किया गया।
India made 144 runs for the loss of 3 wickets in  17.3 overs.,उन्होंने 120 वनडे में 1544 रन बनाने के अलावा 173 विकेट हासिल किये।
India made 144 runs for the loss of 3 wickets in  17.3 overs.,24 ट्वेंटी-ट्वेंटी अंतरराष्ट्रीय मैचों में इरफान ने 172 रन बनाये और 28 विकेट लिये।
"He played 29 Tests, 120 ODIs and 24 T20Is. He was part of the victorious Indian team at the 2007 World Twenty20 and was the man-of-the-match in the final against Pakistan.",वह 2007 में ट्वेंटी-ट्वेंटी विश्वकप खिताब जीतने वाली भारतीय टीम का हिस्सा थे और पाकिस्तान के खिलाफ फाइनल मैच में उन्हें मैन आफ द मैच चुना गया था।
Mr Sonowal requested the teachers and parents to encourage their children to come and enjoy the games.,उन्होंने शिक्षकों और अभिभावकों से अनुरोध किया है कि वे अपने बच्चों के साथ आयें और खेलों का आनन्द लें।
CEO of the games Avinash Joshi said that all preparations have been made for the games.,खेल के मुख्य कार्यकारी अधिकारी अविनाश जोशी ने बताया है कि खेलों में अंतरराष्ट्रीय स्तर की तकनीक का उपयोग होगा।
"Green Zone, which is a protected area in Baghdad, houses the US embassy, government buildings and other foreign missions.","बगदाद में इस आरक्षित क्षेत्र में अमरीकी दूतावास, सरकारी भवन और अन्य विदेशी दूतावास अवस्थित हैं।"
"Inaugurating the games, Chief Minister Sarbanand Sonowal said that the Assam Government has taken various steps to promote sports.",असम के मुख्यमंत्री सर्बानन्द सोनोवाल ने कहा है कि राज्य सरकार ने केन्द्र को संशोधित नागरिकता कानून के बारे में नियम तैयार करने का सुझाव दिया है।
"The first T20 International between India and Sri Lanka was called off without a ball being bowled due to wet outfield, caused by a spell of heavy rain in Guwahati last night.",तीन टवेंटी-टवेंटी अंतर्राष्टीय क्रिकेट मैचों की श्रृंखला का पहला मैच गुवाहाटी में भारी वर्षा के कारण रद्द कर दिया गया था।
Tensions have been escalating in the region following killing of a top Iranian military commander in Baghdad by the US forces.,इराक के बगदाद में अमरीकी हवाई हमले में ईरान का शीर्ष कमांडर मारा गया है।
Mr Shah said this while addressing the gathering in New Delhi yesterday after releasing the book titled - Karmayoddha Granth based on the life of Mr Modi and the work done by him as the Prime Minister.,आज नई दिल्ली में श्री नरेन्द्र मोदी के जीवन और प्रधानमंत्री के रूप में उनके कार्यो पर आधारित कर्म योद्धा ग्रंथ नाम की एक पुस्तक के विमोचन समारोह में उन्होंने कहा कि मौजूदा सरकार के खिलाफ भ्रष्टाचार का एक भी आरोप नहीं है।
"A call can be made on this number from any mobile phone and not just smart phones, thus, providing easy access to all mobile users.","इस नम्बर पर केवल स्मार्ट फोन से ही नहीं, बल्कि किसी भी मोबाइल फोन से सम्पर्क किया जा सकता है।"
"Prime Minister Narendra Modi will tomorrow inaugurate the conference to be attended by over 15,000 delegates including Nobel laureates, scientists, academicians, students, farmers among others.","इसमें नोबेल पुरस्कार विजेताओं, वैज्ञानिकों, शिक्षकों, विद्यार्थियों और किसानों सहित पन्द्रह हजार से अधिक प्रतिनिधियों के भाग लेने की उम्मीद है।"
"Women, Farmers, Children and Science communicators will have exclusive deliberations during this science congress.","इसमें किसानों, बच्चों और विज्ञान वार्ताकारों के विशेष परिचर्चा कार्यक्रम भी रखे गए हैं।"
External Affairs Ministry said that this is in keeping with the provisions of the 2008 Agreement under which such lists are exchanged on 1st January and 1st July every year.,विदेश मंत्रालय ने कहा है कि दोनों देशों के बीच 2008 में हुए समझौते के प्रावधानों के तहत इन सूचियों की अदला-बदली की गई।
The meeting held under the chairmanship of Revenue Secretary Dr Ajay Bhushan Pandey decided to constitute a Committee of Centre and State officers to examine and implement quick measures to curb fraudulent refund claims.,राजस्व सचिव डॉ. अजय भूषण पांडे की अध्यक्षता में हुए सम्मेलन में वस्तु और सेवाकर प्रणाली को सरल बनाने और राजस्व संबंधी खामियों को दूर करने पर विचार-विमर्श किया गया।
"The agency has attached movable and immovable assets consisting of Land, Real Estate Projects, Residential Houses and fixed deposits under Prevention of Money Laundering Act. ED initiated investigations on the basis of FIRs registered at various Police Stations in Faridabad and Charge-sheets filed by Haryana Police.","निदेशालय ने धनशोधन रोकथाम अधिनियम के अंतर्गत, जो चल और अचल परिसम्पत्तियां कुर्क की हैं, उनमें भूमि, भवन-निर्माण परियोजनाएं, रिहायशी मकान और फिक्स्ड डिपोजिट संबंधी कागजात शामिल हैं।"
"He said, the visit has been organized at a short notice.",श्री कुमार ने कहा कि इस यात्रा का आयोजन संक्षिप्त नोटिस पर किया गया।
"The third edition of the Prime Minister’s Interaction with school students, ""Pariksha Pe Charcha-2020"", will be held at Talkatora Stadium in New Delhi on the 20th of this month.",प्रधानमंत्री नरेन्द्र मोदी परीक्षा पे चर्चा-2020 कार्यक्रम में इस महीने की बीस तारीख को नई दिल्ली में स्कूली छात्रों से विचारों का आदान-प्रदान करेंगे।
Ada Yonath and Bharat Ratna awardee Prof C.N.R. Rao today.,नोबेल पुरस्कार विजेता एडा योनाथ और भारत रत्न से सम्मानित प्रोफेसर सी एन आर राव ने राष्ट्रीय किशोर वैज्ञानिक सम्मेलन का उद्घाटन किया।
Pooja Tamta from Riverain Public School in Dehradun shares her joy over receiving the award from Prof Rao. Another winner of the Essay writing competition Anhad Singh from St. John High School in Chandigarh has this to say about his academic choice.,देहरादून के रिवररेन पब्लिक स्कूल की पूजा टमटा ने प्रोफेसर राव से पुरस्कार प्राप्त करने पर खुशी व्यक्त की।
Several other petitions have been filed relating to the NRC in Assam and the bench issued notices to the Centre and Assam Govt and sought response within four weeks.,असम में एन आर सी के बारे में कई याचिकाएं दाखिल की गई हैं।
"A petition was also heard in which it was stated that around 60 children have been excluded from the NRC but their parents have been granted citizenship through NRC. Attorney General K K Venugopal and Solicitor General Tushar Mehta, appearing for the Centre and the Assam government, said such children will not be separated from their parents.",पीठ ने एक और याचिका पर सुनवाई की जिसमें कहा गया है कि करीब साठ बच्चे एन आर सी से बाहर कर दिये गये हैं लेकिन उनके अभिभावकों को एन आर सी के जरिये नागरिकता दे दी गई।
This team has been sent by the Union ministry of health and family welfare for gap analysis and to take quick measures.,केन्द्रीय स्वास्थ्य और परिवार कल्याण मंत्रालय ने यह दल समस्या का पता लगाने और तुरंत उपाय करने के लिए भेजा है।
The three day conference is organised by KaviKuluguru Kalidas Sanskrit University (KKSU) to discuss the subjects related to Oriental learning for the purpose of research in the field of Indian literature mostly based on the Sanskrit literature.,तीन दिन के इस सम्मेलन का आयोजन कवि कुलगुरु कालिदास संस्कृत विश्वविद्यालय ने किया है।
The three day conference is organised by KaviKuluguru Kalidas Sanskrit University (KKSU) to discuss the subjects related to Oriental learning for the purpose of research in the field of Indian literature mostly based on the Sanskrit literature.,इसमें मोटे तौर पर संस्कृत साहित्य पर आधारित भारतीय साहित्य के क्षेत्र में शोध के उद्देश्य से ऑरियंटल लर्निंग संबंधी विषयों पर चर्चा हो रही है।
Hong Kong was readying for a massive pro-democracy rally after seeing in the New Year with an evening of peaceful protests.,हांगकांग में लोकतंत्र समर्थक नये साल की शाम को शांतिपूर्ण प्रदर्शन के बाद एक बड़े प्रदर्शन की तैयारी कर रहे थे तभी प्रदर्शनकारियों और पुलिस के बीच हुई झड़प के बाद यह संघर्ष में बदल गया।
The city has been battered by more than six months of unrest with millions marching.,पिछले छह महीनों से अधिक समय से शहर में प्रदर्शनों के कारण अशांति रही है।
Four people were seriously hurt in the blast.,सोमवार से इस भयानक आग के कारण चार लोग मारे गये।
A board of inquiry has been ordered by the Air Headquarters to determine the cause of the accident.,दुर्घटना की जांच के लिए समिति गठित करने का आदेश दे दिया गया है।
CAT 2019 saw the highest number of test takers in last 10 years.,इस वर्ष की परीक्षा में पिछले दस वर्ष की तुलना में सबसे अधिक उम्मीदवार बैठे थे।
Supreme Leader of the Islamic Revolution Ayatollah Seyyed Ali Khamenei stated on Wednesday that the ‘corruptive presence’ of the United States in the region must end.,ईरान के शीर्ष नेता अयातुल्ला खमेनी ने कहा है कि पश्चिमी एशिया क्षेत्र में अमरीका की मौजूदगी का खात्मा जरूरी हो गया है।
He was addressing thousands of people from Qom Province on the occasion of the anniversary of the 1978 uprising.,उन्होंने आज राजधानी तेहरान में 1978 की क्रांति की वर्षगांठ के उपलक्ष्य में कुम प्रांत से आये हजारों लोगों को संबोधित करते हुए यह बात कही।
"The group comprised envoys from USA, South Korea, Vietnam, Bangladesh, Fiji, Maldives, Norway, Philippines, Morocco, Argentina, Peru, Niger, Nigeria, Guyana and Togo.","अमरीका के अलावा बांग्लादेश, वियतनाम, नॉर्वे, मालदीव, दक्षिण कोरिया, मोरक्को और नाइजीरिया के राजनयिक इस प्रतिनिधिमंडल में शामिल हैं।"
He said he will talk to Chief justice SA Bobde and decide accordingly.,पीठ ने कहा कि इस संबंध में प्रधान न्यायाधीश न्यायमूर्ति एस.ए.बोबड़े से चर्चा के बाद फैसला किया जाएगा।
"Rain lashed Delhi and NCR this morning, bringing the mercury down and also causing traffic snarls in various parts of Delhi.",दिल्ली और राष्ट्रीय राजधानी क्षेत्र में बारिश से तापमान में गिरावट आई है।
"According to railways, twenty-one trains were running late for up to five hours due to bad weather.","रेलवे के अनुसार, उत्तरी रेलवे की 16 रेलगाड़ियां खराब मौसम के कारण देरी से चल रही हैं।"
"Met Department predicts that hail is likely to occur at isolated places in Dehradun, Haridwar, Udham Singh Nagar, Pauri and Nainital districts of Uttarakhand.","इस बीच, देहरादून स्थित मौसम विभाग ने 24 घंटों के दौरान देहरादून, हरिद्वार, उधमसिंहनगर, पौड़ी और नैनीताल जिले में ओला पड़ने की संभावना व्यक्त की है।"
State capital Shimla experienced seasons heaviest snowfall which blocked many circuit roads.,राजधानी शिमला में भी इस मौसम की सबसे अधिक बर्फबारी के कारण बहुत से मार्ग अवरूद्ध हो गये।
MeT department predicts that heavy snowfall may occur in hilly areas and rains with hail is likely to occur at isolated places and in plains.,मौसम विभाग ने ऊंचाई वाले इलाकों में वर्षा और हिमपात तथा मैदानी इलाकों में बारिश का अनुमान व्यक्त किया है।
